symbol,name
GAU,Galiano Gold Inc
GBT,Bmtc Group Inc
GC.DB,Great Canadian Gaming Corp 5.25 Pct Debs
GCG.A,Guardian Capital Group Ltd Cl.A NV
GCL.DB.A,Colabor Group Inc 6.0 Pct Debs
GCM.NT.U,Gran Colombia Gold 5.0 Pct Sil Notes
GCT,Gvic Communications Corp Class B
GDC,Genesis Land J
GDEP.B,Guardian Directed Equity Path ETF Unhdg
GDI,Gdi Integrated Facility Services Inc
GDPY,Guardian Directed Premium Yield ETF
GDV,Global Dividend Growth Split Corp
GEC.UN,Global Real Estate & E-Commerce Dividend
GEI.DB,Gibson Energy Inc 5.25 Pct Debs
GEO,Geodrill Limited
GFL,Gfl Environmental Inc
GGD,Gogold Resources Inc
GH,Gamehost Inc
GIGR,Guardian I3 Global REIT ETF (Hedged Unit
GIL,Gildan Activewear Inc
GIQG.B,Guardian I3 Global Quality Growth ETF Uh
GIQU.B,Guardian I3 US Quality Growth ETF (Unhed
GLO,Global Atomic Corp
GMO,General Moly Inc
GMP.PR.B,Gmp Capital Inc Series B Pref
GMX,Globex Mining Enterprises Inc
GOOS,Canada Goose Holdings Inc
GRC,Gold Springs Resource Corp
GSC,Golden Star
GSY,Goeasy Ltd
GTMS,Greenbrook Tms Inc
GUY,Guyana Goldfields Inc
GWO,Great-West Lifeco Inc
GWO.PR.G,Great-West Lifeco Inc Pr. G
GWO.PR.I,Great-West Lifeco Inc Prf Series I
GWO.PR.M,Great West Lifeco Pref Ser M
GWO.PR.O,Great West Lifeco Pref Ser O
GWO.PR.Q,Great West Lifeco Pref Ser Q
GWO.PR.S,Great West Lifeco Pref Ser S
GWR,Global Water Resources Inc
GBAL,Ishares ESG Balanced ETF
GC,Great Canadian Gaming Corp
GCG,Guardian Capital
GCL,Colabor Group Inc
GCM,Gran Colombia Gold Corp
GCM.WT.B,Gran Colombia Gold Corp WT B
GCT.C,Gvic Communications Corp N.V. Class C
GDEP,Guardian Directed Equity Path ETF
GDG.UN,Global Dividend Growers Income Fund
GDL,Goodfellow Inc
GDPY.B,Guardian Directed Premium Yield ETF Uh
GDV.PR.A,Global Dividend Growth Split Corp Pref A
GEI,Gibson Energy Inc
GENM,Generation Mining Limited
GEQT,Ishares ESG Equity ETF
GGA,Goldgroup Mining Inc
GGRO,Ishares ESG Growth ETF
GIB.A,CGI Group Inc Cl.A Sv
GIGR.B,Guardian I3 Global REIT ETF (Unhedged Un
GIQG,Guardian I3 Global Quality Growth ETF
GIQU,Guardian I3 US Quality Growth ETF ( Hedg
GLG,Glg Life Tech Corp
GLXY,Galaxy Digital Holdings Ltd
GMP,Gmp Capital Inc
GMP.PR.C,Gmp Capital Inc Series C Pref
GOLD,Goldmining Inc
GPR,Great Panther Silver Limited
GRT.UN,Granite Real Estate Investment Trust
GSV,Gold Standard Ventures Corp
GTE,Gran Tierra Energy Inc
GUD,Knight Therapeutics Inc
GVC,Glacier Media Inc
GWO.PR.F,Great-West Lifeco Inc
GWO.PR.H,Great-West Lifeco Inc 4.85 % Pr.Ser H
GWO.PR.L,Great-West Lifeco Inc Pref Ser L
GWO.PR.N,Great West Lifeco Inc Pref Srs N
GWO.PR.P,Great West Lifeco Inc 5.4 Pct Pref Sh
GWO.PR.R,Great West Lifeco Inc Ser R
GWO.PR.T,Great West Lifeco Pref Ser T
GXE,Gear Energy Ltd
BAD,Badger Daylighting Ltd
BAM.PF.A,Brookfield Asset Mgmt Inc Pref Ser 32
BAM.PF.C,Brookfield Asset Mgmt Inc Pref Ser 36
BAM.PF.E,Brookfield Asset Mgmt Pref Ser 38
BAM.PF.G,Brookfield Asset Mgmt Inc Pref Ser 42
BAM.PF.I,Brookfield Asset Mgmt Inc Pref Ser 46
BAM.PR.B,Brookfield Asset Mgmt Inc Pr. Ser 2
BAM.PR.E,Brookfield Asset Mgmt Inc Pr. Ser 8
BAM.PR.K,Brookfield Asset Mgmt Inc Pr. Ser 13
BAM.PR.N,Brookfield Asset Mgmt Pref Shs Ser 18
BAM.PR.S,Brookfield Asset Mgmt Inc Pref Ser 25
BAM.PR.X,Brookfield Am Pref Ser 28
BASE,Evolve Glob Matls Mining Enh Yld Idx ETF
BB,Blackberry Limited
BBD.B,Bombardier Inc Cl B Sv
BBD.PR.C,Bombardier Inc Pref Class C
BBL.A,Brampton Brick Ltd Cl.A Sv
BC.U,Bespoke Capital Acquisition Class A USD
BCE,BCE Inc
BCE.PR.B,BCE Inc First Pr Shares Series Ab
BCE.PR.D,BCE Inc Pref Shares Series Ad
BCE.PR.F,BCE 1st Pref Shares Series Af
BCE.PR.H,BCE 1st Pref Shares Series Ah
BCE.PR.J,BCE Inc Pref Sh Series Aj
BCE.PR.L,BCE Inc Pref Ser AL
BCE.PR.N,BCE Inc Pref Shares Series An
BCE.PR.Q,BCE Inc Pref Shares Series Aq
BCE.PR.S,BCE Inc Ser S
BCE.PR.Y,BCE Inc Ser Y Pr
BCI,New Look Vision Group Inc
BDIV,Brompton Global Dividend Growth ETF
BEI.UN,Boardwalk Real Estate Investment Trust
BEP.PR.E,Brookfield Renewable LP Pref Ser 5
BEP.PR.I,Brookfield Renewable Pref Ser 9
BEP.PR.M,Brookfield Renewable LP Pref Ser 13
BEP.UN,Brookfield Renewable Partners LP
BFIN,Brompton Na Financials Dividend ETF
BGC,Bristol Gate Concentrated CDN Eqty ETF
BGU,Bristol Gate Concentrated US Eqty ETF
BHC,Bausch Health Companies Inc
BIP.PR.A,Brookfield Infra Partners LP Pref Ser 1
BIP.PR.C,Brookfield Infra Partners LP Pref Ser 5
BIP.PR.E,Brookfield Infra Partners LP Pref Ser 9
BIP.UN,Brookfield Infra Partners LP Units
BIR,Birchcliff Energy Ltd
BIR.PR.C,Birchcliff Energy Ltd Pref Ser C
BK.PR.A,Canadian Banc Corp Pref A
BKL.C,Invesco Senior Loan Index ETF
BKX,Bnk Petroleum Inc
BLB.UN,Bloom Select Income Fund
BLDP,Ballard Power Systems Inc
BLX,Boralex Inc
BMO.PR.A,BMO Pref Shares Series 26
BMO.PR.C,BMO Pref Shares Series 40
BMO.PR.E,BMO Pref Shares Series 44
BMO.PR.Q,Bank of Montreal B Pref Sh Ser 25
BMO.PR.T,BMO Non Cum Cl B Prf Share Series 29
BMO.PR.Y,Bank of Montreal Pref Ser 33
BNAU,Battle North Gold Corp
BND,Purpose Tactical Inv Grade Bond ETF
BNG,Bengal Energy Ltd
BNK.PR.A,Big Banc Split Corp
BNS.PR.E,Bns Pref Shares Series 34
BNS.PR.G,Bns Pref Shares Series 36
BNS.PR.I,Bns Preferred Shares Series 40
BOS,Airboss America J
BPF.UN,Boston Pizza Royalties Income Fund
BPO.PR.C,Brookfield Office Properties Pref Ser CC
BPO.PR.G,Brookfield Office Properties Pref Ser G
BPO.PR.N,Brookfield Office Properties Pref Ser N
BPO.PR.R,Brookfield Office Properties Pref Ser R
BPO.PR.T,Brookfield Office Properties Pref Ser T
BPO.PR.X,Brookfield Office Properties Pref Ser V
BPRF,Bf and Crumrine Invest Grade Pref ETF
BPS.PR.B,Brookfield Property Split Pref Ser 3
BPS.PR.U,Brookfield Property Split Pref Ser 1
BR,Big Rock Brewery Inc
BREA,Brompton Global Real Assets Dividend ETF
BRF.PR.B,Brookfield Renewable Pref Cl A Ser 2
BRF.PR.E,Brookfield Renewable Power Pref Eqt Sr 5
BRY,Bri Chem Corp
BSC.PR.C,Bns Split Corp II Pref B Series 2
BSX,Belo Sun Mining Corp
BTB.DB.G,Btb REIT 6.0 Pct Debs
BTE,Baytex Energy Corp
BU,Burcon Nutrascience Corp
BUI,Buhler Ind
BXS.DB.C,Barclays Bank Fixed Rate Notes I 28
BYL,Baylin Technologies Inc
BAM.A,Brookfield Asset Management Inc Cl.A Lv
BAM.PF.B,Brookfield Asset Mgmt Inc Pref Ser 34
BAM.PF.D,Brookfield Asset Mgmt Inc Pr Ser 37
BAM.PF.F,Brookfield Asset Mgmt Inc Pref Ser 40
BAM.PF.H,Brookfield Asset MGT Inc Pref Ser 44
BAM.PF.J,Brookfield Asset Mgmt Inc Pref Ser 48
BAM.PR.C,Brookfield Asset Mgmt Inc Pr. Ser 4
BAM.PR.G,Brookfield Asset Mgmt Inc Pr Ser 9
BAM.PR.M,Brookfield Asset Mgmt Inc Prf A Ser 17
BAM.PR.R,Brookfield Asset Mgmt Pref Ser 24
BAM.PR.T,Brookfield Asset Mgmt Pref Ser 26
BAM.PR.Z,Brookfield Asset Mgmt Inc Pr Ser 30
BASE.B,Evolve Glob Matls Mining Enh Yld Unhgd
BBD.A,Bombardier Inc Cl A Mv
BBD.PR.B,Bombardier 2 Pr
BBD.PR.D,Bombardier Inc Pref Ser 3
BBU.UN,Brookfield Business Partners LP
BC.WT.U,Bespoke Capital Acquisition Corp WT
BCE.PR.A,BCE First Pr Shares Series Aa
BCE.PR.C,BCE Inc Pr Shares Series AC
BCE.PR.E,BCE 1st Pref Shares Series Ae
BCE.PR.G,BCE 1st Pref Shares Series Ag
BCE.PR.I,BCE 1st Pref Shares Series Ai
BCE.PR.K,BCE Inc Pref Ser AK
BCE.PR.M,BCE Inc Pref Shares Series Am
BCE.PR.O,BCE Inc Pref Shares Series Ao
BCE.PR.R,BCE Inc Ser R
BCE.PR.T,BCE Inc First Pref Series T
BCE.PR.Z,BCE Inc Series Z
BDI,Black Diamond Group Ltd
BDT,Bird Construction Inc
BEK.B,Becker Milk Company Ltd Cl.B NV
BEP.PR.G,Brookfield Renewable LP Pref Ser 7
BEP.PR.K,Brookfield Renewable LP Pref Ser 11
BEP.PR.O,Brookfield Renewable Partners L.P.
BEPC,Brookfield Renewable Corporation
BFIN.U,Brompton Na Financials Dividend ETF USD
BGI.UN,Brookfield Glbl Infras Sec Inc Fd
BGU.U,Bristol Gate Conc US Eqty ETF USD
BIK.PR.A,Bip Investment Corp Pref Ser 1
BIP.PR.B,Brookfield Infra Partners LP Pref Ser 3
BIP.PR.D,Brookfield Infra Partners LP Pref Ser 7
BIP.PR.F,Brookfield Infra Partners LP Pref Ser 11
BIPC,Brookfield Infrastructure Corporation
BIR.PR.A,Birchcliff Energy Ltd Pref Sh A
BK,Canadian Banc Corp
BKI,Black Iron Inc
BKL.F,Invesco Senior Loan Index ETF
BL.UN,Global Innovation Dividend Fund
BLCK,First Trust Indxx Innov Trans Proc ETF
BLU,Bellus Health Inc
BMO,Bank of Montreal
BMO.PR.B,BMO Pref Shares Series 38
BMO.PR.D,BMO Pref Shares Series 42
BMO.PR.F,BMO Pref Shares Series 46
BMO.PR.S,BMO Cl B Pref Shares Ser 27
BMO.PR.W,BMO Cl B Pref Shares Ser 31
BMO.PR.Z,Bank of Montreal Pref Ser 35
BNC,Purpose CDN Financial Income Fund ETF
BNE,Bonterra Energy Corp
BNK,Bankers Petroleum Ltd.
BNS,Bank of Nova Scotia
BNS.PR.F,Bns Pref Shares Series 33
BNS.PR.H,Bns Pref Shares Series 38
BNS.PR.Z,Bns Pref Ser 32
BOY,Boyuan Construction Group Inc
BPO.PR.A,Brookfield Office Properties Pref Ser Aa
BPO.PR.E,Brookfield Office Properties Pref Ser Ee
BPO.PR.I,Brookfield Office Properties Pref Ser II
BPO.PR.P,Brookfield Office Properties Pref Ser P
BPO.PR.S,Brookfield Office Properties Pref Ser S
BPO.PR.W,Brookfield Office Properties Pref Ser W
BPO.PR.Y,Brookfield Office Properties Pref Ser Y
BPS.PR.A,Brookfield Property Split Pref Ser 2
BPS.PR.C,Brookfield Property Split Pref Ser 4
BPY.UN,Brookfield Property Partners LP
BRE,Brookfield Real Estate Services Inc
BRF.PR.A,Brookfield Renewable Pref Cl A Ser 1
BRF.PR.C,Brookfield Renewable Power Pref Eqty Inc
BRF.PR.F,Brookfield Renewable Power Pref Eqt Sr 6
BSC,Bns Split Corp II
BSO.UN,Brookfield Select Opportunities Inc Fund
BTB.DB.F,Btb REIT 7.15 Pct Debs
BTB.UN,Btb REIT Units
BTO,B2Gold Corp
BUA.UN,Bloom US Income and Growth Fund
BXF,CI First Asset 1 To 5 Yr Lad Gov Stp Bd
BYD,Boyd Group Services Inc
D.UN,Dream Office REIT
DBO,Dbox Technologies Inc
DC.PR.B,Dundee Corp First Pref Ser 2
DCBO,Docebo Inc
DCG,Desjardins 1To5 Yr Lad CDN Govt Bd ETF
DCP,Desjardins CDN Pref Share ETF
DCU,Desjardins CDN Universe Bond Index ETF
DF.PR.A,Dividend 15 Split Corp II Prf
DFD,Desjardins Dev Xus Xcda Mltifact Vol ETF
DFN,Dividend 15 Split Corp
DFU,Desjardins USA Multifactor Ctrl Vol ETF
DGR.B,CI Wisdomtree US Quality Div Growth
DGS,Dividend Growth Split Corp Class A
DIAM,Star Diamond Corp
DII.B,Dorel Industries Inc Cl.B Sv
DISC,BMO Glb Consumer Disc Hgd To CAD ETF
DIV.DB,Diversified Royalty Corp 5.25 Pct Debs
DLR,Horizons US Dollar Currency ETF
DML,Denison Mines Corp
DN.DB,Delta 9 Cannabis Inc 8.5 Pct Debs
DND,Dye & Durham Ltd
DNT,Candente Copper Corp
DOO,Brp Inc
DQD,CI Wisdomtree Y.S. Qlty Divd Gwth Var
DR,Medical Facilities Corp
DRCU,Desjardins RI Active Canadian Bond-Low C
DRFD,Desjardins RI Dev Ex USA Ex Cda Co2 ETF
DRFG,Desjardins Gbl Fossil Fuel Res Free ETF
DRMC,Desjardins RI Canada-Low Co2 Index ETF
DRMU,Desjardins RI USA Low Co2 Index ETF
DRX,Adf Group Inc Sv
DSG,Descartes Sys
DXC,Dyn Ishares Active CDN Div ETF
DXG,Dyn Ishares Active Global Div ETF
DXN,Dynamic Active Global Infrastructure ETF
DXP,Dyn Ishares Active Pref Shares ETF
DXV,Dyn Ishares Act Inv Grd Flot Rt ETF
DXZ,Dynamic Ishares Acitve US Mid Cap ETF
DYA.WT,Dynacert Inc
DANC,Desjardins Lng Shrt Eqty Mkt Ntrl ETF
DC.A,Dundee Corp Cl.A Sv
DC.PR.D,Dundee Corp Pref Ser 3
DCC,Desjardins 1To5 Yr Lad CDN Corp Bd ETF
DCM,Data Communications Mgmt Corp
DCS,Desjardins CDN Short Term Bd ETF
DF,Dividend 15 Split Corp II
DFC,Desjardins Cda Multifactor Ctrl Vol ETF
DFE,Desjardins EM Multifactor-Controlled Vol
DFN.PR.A,Dividend 15 Split Corp
DGR,CI Wisdomtree US Quality Div Growth
DGRC,CI Wisdomtree CDN Qlty Div Gwth Idx ETF
DGS.PR.A,Dividend Growth Split Corp Pref
DII.A,Dorel Industries Inc Cl.A Mv
DIR.UN,Dream Industrial REIT
DIV,Diversified Royalty Corp
DIVS,Evolve Active CDN Pref Share ETF
DLR.U,Horizons US Dollar Currency ETF USD
DN,Delta 9 Cannabis Inc
DN.WT.A,Delta 9 Cannabis Inc WT A
DNG,Dynacor Gold Mines Inc
DOL,Dollarama Inc
DPM,Dundee Precious Metals Inc
DQI,CI Wisdomtree Intl Qlty Div Gwth Var Hgd
DRA.UN,Dream Hard Asset Alternatives Trust
DRFC,Desjardins RI Cda Multi Low Co2 ETF
DRFE,Desjardins Emerging Mkts Low Co2 ETF
DRM,Dream Unlimited Corp
DRMD,Desjardins RI Dev Exusa Exca Low Co2 ETF
DRT,Dirtt Environmental Solutions Ltd
DS,Dividend Select 15 Corp
DXB,Dynamic Ishares Act Tactical Bond ETF
DXF,Dynamic Ishares Act Global Fin Ser ETF
DXM,CI First Asset Morningstar Cda Div Tgt
DXO,Dyn Ishares Act Crossover Bond ETF
DXU,Dyn Ishares Active US Div ETF
DXW,Dynamic Active Intl Dividend ETF
DYA,Dynacert Inc
AAB,Aberdeen International Inc
ABT,Absolute Software Corp
AC,Air Canada
ACB.WT,Aurora Cannabis Inc WT
ACD.DB,Accord Financial Corp 7.00 Pct Debs
ACO.Y,Atco Ltd Cl II
ACZ,Middlefield American Core Dividend ETF
AD.DB,Alaris Royalty Corp 5.50 Pct Debs
ADN,Acadian Timber Corp
ADW.B,Andrew Peller Limited Cl.B
AEZS,Aeterna Zentaris Inc
AFN.DB.D,Ag Growth Intl Inc 4.85 Pct Debs
AFN.DB.F,Ag Growth Intl Inc 5.4 Pct Debs
AFN.DB.H,Ag Growth Intl Inc 5.25 Pct Debs
AGI,Alamos Gold Inc Cls A
AH.DB,Aleafia Health Inc 8.50 Pct Debs
AH.WT.A,Aleafia Health Inc Wts A
AHC.WT,Apollo Healthcare Corp Wts
AI.DB.B,Atrium Mortgage Inv Corp 5.50 Pct Debs
AI.DB.D,Atrium Mortgage Inv Corp 5.50 Pct Debs
AIF,Altus Group Limited
AIM,Aimia Inc
AIM.PR.C,Aimia Inc Pref Ser 3
AKT.A,Akita Drilling Ltd Cl.A NV
AKU,Akumin Inc
ALA,Altagas Ltd
ALA.PR.B,Altagas Ltd Pref Ser B
ALA.PR.G,Altagas Ltd Pref G
ALA.PR.I,Altagas Ltd Pref Ser I
ALA.PR.U,Altagas Ltd Pref Ser C
ALB.PR.C,Allbanc Split Corp II Pref Ser 2
ALC.DB.A,Algoma Central Corp 5.25 Pct Debs
ALYA,Alithya Group
AND,Andlauer Healthcare Group Inc
AOI,Africa Oil Corp
AP.UN,Allied Properties Real Estate Inv Trust
APLI,Appili Therapeutics Inc
APS,Aptose Biosciences Inc
AQA,Aquila Resources Inc
AQN.PR.A,Algonquin Power and Utilities Pref A
AR,Argonaut Gold Inc
ARE,Aecon Group Inc
ARG,Amerigo Resources Ltd
ASM,Avino Silver and Gold Mines Ltd
ASP,Acerus Pharmaceuticals Corp
AT,Acuityads Holdings Inc
ATD.A,Alimentation Couche-Tard Inc Cl A Mv
ATH,Athabasca Oil Corp
ATP.DB.E,Atlantic Power Corporation 6.00 Pct Debs
ATZ,Aritzia Inc
AUGB.F,First Trst CBOE Vest US Eqty Buffer ETF
AUP,Aurinia Pharmaceuticals Inc
AVL,Avalon Advanced Materials Inc
AW.UN,A&W Revenue Royalties Income Fund
AX.PR.E,Artis REIT Pref Ser E
AX.UN,Artis Real Estate Investment Trust Units
AYA,Aya Gold and Silver Inc
AZP.PR.A,Atlantic Power Pref Equity Ser 1
AZP.PR.C,Atlantic Power Pref Equity Ser 3
AAV,Advantage Oil & Gas Ltd
ABX,Barrick Gold Corp
ACB,Aurora Cannabis Inc
ACD,Accord Financial
ACO.X,Atco Ltd Cl.I NV
ACQ,Autocanada Inc
AD,Alaris Royalty Corp
AD.UN,Alaris Equity Partners Income Trust
ADW.A,Andrew Peller Limited Cl.A
AEM,Agnico Eagle Mines Limited
AFN,Ag Growth International Inc
AFN.DB.E,Ag Growth Intl Inc 4.50 Pct Debs
AFN.DB.G,Ag Growth Intl Inc 5.25 Pct Debs
AGF.B,AGF Management Ltd Cl.B NV
AH,Aleafia Health Inc
AH.WT,Aleafia Health Inc Wts
AHC,Apollo Healthcare Corp.
AI,Atrium Mortgage Investment Corp
AI.DB.C,Atrium Mortgage Inv Corp 5.30 Pct Debs
AI.DB.E,Atrium Mortgage Inv Corp 5.60 Pct Debs
AII,Almonty Industries Inc
AIM.PR.A,Aimia Inc Pref Ser 1
AJX,Agjunction Inc
AKT.B,Akita Cl B
AKU.U,Akumin Inc
ALA.PR.A,Altagas Ltd Pref A
ALA.PR.E,Altagas Ltd Pref Ser E
ALA.PR.H,Altagas Ltd Pref H
ALA.PR.K,Altagas Ltd Pref Ser K
ALB,Allbanc Split Banc Corp II
ALC,Algoma Central
ALS,Altius Minerals Corp
AMM,Almaden Minerals Ltd
ANX,Anaconda Mining Inc
AOT,Ascot Resources Ltd
APHA,Aphria Inc
APR.UN,Automotive Properties REIT
APY,Anglo Pacific Group Plc
AQN,Algonquin Power and Utilities Corp
AQN.PR.D,Algonquin Power and Utilities Pref D
ARB,Accelerate Arbitrage Fund ETF
ARE.DB.C,Aecon Group Inc 5.0 Pct Debs
ARX,Arc Resources Ltd
ASND,Ascendant Resources Inc
ASR,Alacer Gold Corp
ATA,Ats Automation
ATD.B,Alimentation Couche-Tard Inc Cl B Sv
ATP,Atlantic Power Corp
ATSX,Accelerate Enhanced CDN Bm Alt Fund ETF
AUG,Auryn Resources Inc
AUMN,Golden Minerals Company
AVCN,Avicanna Inc
AVP,Avcorp Industries Inc
AX.PR.A,Artis REIT Pref Ser A
AX.PR.I,Artis REIT Pref Series I
AXU,Alexco Resource Corp
AYM,Atalaya Mining Plc
AZP.PR.B,Atlantic Power Pref Equity Ser 2
AZZ,Azarga Uranium Corp
H,Hydro One Limited
HAC,Horizons Seasonal Rotation ETF
HAF,Horizons Active Global Fixed Income ETF
HAL,Horizons Active CDN Dividend ETF
HAU,Horizons Active US Dividend ETF
HAZ,Horizons Active Global Dividend ETF
HBAL,Horizons Balanced Tri ETF
HBD,Betapro Gold Bullion 2X Daily Bear ETF
HBF.B,Harvest Brand Leaders Plus Inc ETF Unh
HBGD,Horizons Big Data Hardware Idx ETF
HBL.UN,Brand Leaders Income Fund
HBM,Hudbay Minerals Inc
HBU,Betapro Gold Bullion 2X Daily Bull ETF
HCG,Home Capital Group Inc
HCON,Horizons Conservative Tri ETF
HDGE,Accelerate Absolute Return Hdg Fund ETF
HE,Hanwei Energy Services Corp
HEA.U,Horizons Enhd Income US Equity USD ETF
HEE,Horizons Enhanced Income Energy ETF
HEJ,Horizons Enhd Inc Intl Equity ETF
HEP,Horizons Enhanced Income Gold Prod ETF
HEU,Betapro S&P TSX Cap Engy 2X Dly Bull ETF
HEX,Horizons Enhanced Income Equity ETF
HFD,Betapro S&P TSX Cap Fncl 2X Dly Bear ETF
HFP,Horizons Active Flt Rate Pref ETF
HFT,Hamilton Financials Innovation ETF
HGD,Betapro CDN Gold Miners 2X Dly Bear ETF
HGI.UN,Global Telecom and Utilities IN Fd
HGR,Harvest Global REIT Leaders Income ETF
HGU,Betapro CDN Gold Miners 2X Dly Bull ETF
HHF,Horizons Morningstar Hdg Fd ETF
HHL.B,Harvest Healthcare Leaders Inc ETF Unh
HIG,Brompton Global Healthcare Inc & Gth ETF
HII,Horizons CDN Insider Index ETF
HIX,Betapro S&P TSX 60 Daily Inverse ETF
HLPR,Horizons Laddered CDN Pref Index ETF
HMJI,Betapro Marijuana Cos Inverse ETF
HMM.A,Hammond Manufacturing Co. Ltd Cl A. Sv
HMMJ.U,Horizons Marijuana Life Sciences Idx USD
HND,Betapro Nat Gas 2X Daily Bear ETF
HNU,Betapro Nat Gas 2X Daily Bull ETF
HOD,Betapro Crude Oil 2X Daily Bear ETF
HOM.DB.U,Bsr REIT 5.0 Pct Debs USD
HOM.UN,Bsr Real Estate Investment Trust
HOT.U,American Hotel Income Properties REIT US
HOU,Betapro Crude Oil 2X Daily Bull ETF
HPF.U,Harvest Energy Leaders Plus Income ETF
HPS.A,Hammond Power Solutions Inc Cl A. Sv
HQD.U,Betapro Nasdaq 100 2X Daily Bear ETF USD
HR.UN,H&R Real Estate Inv Trust
HRR.UN,Australian REIT Income Fund
HRX,Heroux-Devtek
HSD,Betapro Sp500 2X Daily Bear ETF
HSE.PR.A,Husky Energy Inc Pref Ser 1
HSE.PR.C,Husky Energy Inc Pref Ser 3
HSE.PR.G,Husky Energy Inc Pref Ser 7
HSL,Horizons Active Float Rate Sen Loan ETF
HSU,Betapro Sp500 2X Daily Bull ETF
HTA,Harvest Tech Achievers Growth & Income
HTA.U,Harvest Tech Achievers Growth & Income
HTB.U,Horizons US 7 To 10 Yr Treas Bd ETF USD
HUBL,Harvest US Bank Leaders Income ETF
HUC,Horizons Crude Oil ETF
HUF.U,Horizons Active US Floating Rate Bd ETF
HUIB,Harvest US Investment Grade Bnd Plus ETF
HUL.U,Harvest US Equity Plus Income ETF USD
HULC.U,Horizons US Large Cap Index ETF USD
HUM.U,Hamilton US Mid Small Cap Fincls ETF USD
HURA,Horizons Global Uranium Index ETF
HUT.WT,Hut 8 Mining Corp Wts
HUV,Betapro Sp500 VIX ST Ftrs ETF
HWF,Middlefield Health Wellness ETF
HWX,Headwater Exploration Inc
HXD,Betapro S&P TSX 60 2X Daily Bear ETF
HXDM.U,Horizons Intl Dev Mkts Eqty Idx USD ETF
HXEM,Horizons Emerging Mkts Equity Index ETF
HXH,Horizons CDN High Dividend Index ETF
HXQ.U,Horizons Nasdaq 100 Index ETF USD
HXS.U,Horizons S&P 500 Index ETF USD
HXT.U,Horizons S&P TSX 60 Index ETF USD
HXX,Horizons Euro Stoxx 50 Index ETF
HZD,Betapro Silver 2X Daily Bear ETF
HZU,Betapro Silver 2X Daily Bull ETF
HAB,Horizons Active Corporate Bond ETF
HAD,Horizons Active CDN Bond ETF
HAJ,Horizons Active Emerging Mkts Div ETF
HARC,Horizons Abs Return Global Currency ETF
HAU.U,Horizons Active US Dividend ETF USD
HBA,Hamilton Australian Banks Equal-Weight
HBB,Horizons CDN Select Universe Bond ETF
HBF,Harvest Brand Leaders Plus Income ETF
HBF.U,Harvest Brand Leaders Plus Income ETF
HBGD.U,Horizons Big Data Hardware Idx ETF USD
HBLK,Blockchain Technologies ETF
HBP,Helix Biopharm
HCA,Hamilton Canadian Bank Mean Reversion
HCN,Horizons China High Dividend Yield ETF
HCRE,Horizons Eql Wght Can REIT Index ETF
HDI,Hardwoods Distribution Inc
HEA,Horizons Enhd Income US Equity ETF
HED,Betapro S&P TSX Cap Engy 2X Dly Bear ETF
HEF,Horizons Enhanced Income Fin ETF
HEMB,Horizons Active Emerging Mkts Bond ETF
HERO,Evolve E Gaming Index ETF
HEWB,Horizons Eql Wght Can Banks Index ETF
HEXO,Hexo Corp
HFG,Hamilton Global Financials ETF
HFR,Horizons Active Floating Rate Bond ETF
HFU,Betapro S&P TSX Cap Fncl 2X Dly Bull ETF
HGGG,Harvest Global Gold Giants Index ETF
HGM,Horizons Managed Global Oppt ETF
HGRO,Horizons Growth Tri ETF
HGY,Horizons Gold Yield ETF
HHL,Harvest Healthcare Leaders Income ETF
HHL.U,Harvest Healthcare Leaders Income ETF
HIG.U,Brompton Gbl Health Inc Growth ETF USD
HIU,Betapro Sp500 Daily Inverse ETF
HLF,High Liner
HLS,Hls Therapeutics Inc
HMJU,Betapro Marijuana Cos 2X Daily Bull ETF
HMMJ,Horizons Marijuana Life Sciences ETF
HMP,Horizons Active CDN Municipal Bond ETF
HNL,Horizon North Logistics Inc
HNY,Horizons Natural Gas Yield ETF
HOG,Horizons CDN Midstream Oil Gas ETF
HOM.U,Bsr Real Estate Investment Trust
HOT.DB.U,American Hotel Inc Prop REIT 5 Pct Debs
HOT.UN,American Hotel Income Properties REIT LP
HPF,Harvest Energy Leaders Plus Income ETF
HPR,Horizons Active Pref Share ETF
HQD,Betapro Nasdaq 100 2X Daily Bear ETF
HQU,Betapro Nasdaq 100 2X Daily Bull ETF
HRAA,Horizons Resolve Adptv Asset Alloc ETF
HRT,Harte Gold Corp
HSAV,Horizons Cash Maximizer ETF
HSE,Husky Energy Inc
HSE.PR.B,Husky Energy Inc Pref Ser 2
HSE.PR.E,Husky Energy Inc Pref Ser 5
HSH,Horizons Sp500 CAD Hedged Index ETF
HSM,Helius Medical Technologies Inc
HSUV.U,Horizons USD Cash Maximizer ETF USD
HTA.B,Harvest Tech Achievers Grwth Inc ETF Unh
HTB,Horizons US 7 To 10 Yr Treasury Bond ETF
HTH,Horizons US 7 10 Yr Treas Bd CAD Heg ETF
HUBL.U,Harvest US Bank Leaders Income ETF USD
HUF,Horizons Active US Float Rate Bd ETF CAD
HUG,Horizons Gold ETF
HUL,Harvest US Equity Plus Income ETF
HULC,Horizons US Large Cap Index ETF
HUM,Hamilton U.S. Mid/Small-Cap Financials E
HUN,Horizons Natural Gas ETF
HUT,Hut 8 Mining Corp
HUTL,Harvest Eql Wght Glb Util Income ETF
HUZ,Horizons Silver ETF
HWO,High Arctic Energy Services Inc
HXCN,Horizons SP TSX Capped Comp Index ETF
HXDM,Horizons Intl Dev Mkts Equity Index ETF
HXE,Horizons S&P TSX Capped Energy Index ETF
HXF,Horizons S&P TSX Capped Fncl Index ETF
HXQ,Horizons Nasdaq 100 Index ETF
HXS,Horizons S&P 500 Index ETF
HXT,Horizons S&P Tsx60 Index ETF
HXU,Betapro S&P TSX 60 2X Daily Bull ETF
HYI,Horizons Active High Yield Bond ETF
HZM,Horizonte Minerals Plc
E,Enterprise Group Inc
ECN,Ecn Capital Corp
ECN.PR.A,Ecn Capital Corp Pref Ser A
ECO,Ecosynthetix Inc
EDGF,Brompton European Div Growth ETF
EDT,Spectral Medical Inc
EFH,Echelon Financial Holdings Inc
EFN,Element Fleet Management Corp
EFN.PR.A,Element Fleet Mgmt Corp Pref Ser A
EFN.PR.E,Element Fleet Mgmt Corp Pref Ser E
EFN.PR.I,Element Fleet Mgmt Corp Pref Ser I
EFR.DB,Energy Fuels Inc Debs
EFX,Enerflex Ltd
EGLX,Enthusiast Gaming Holdings Inc
EHE.B,CI Wisdomtree Europe Hedged Equity Index
EIF.DB.H,Exchange Income Corp 5.25 Pct Debs
EIF.DB.J,Exchange Income Corp 5.35 Pct Debs
EIT.PR.A,Canoe Eit Income Fund Pref Ser 1
EIT.UN,Canoe Eit Income Fund Units
ELEF,Silver Elephant Mining Corporation
ELF.PR.F,E-L Financial Corp Ltd Pr Ser. 1
ELF.PR.H,E - L Financial Corp Ltd Pref Ser 3
ELV,Powershares S&P Emg Mkts Low Vol ETF
EMA.PR.A,Emera Inc Series A Pref
EMA.PR.C,Emera Inc Pref Sh Series C
EMA.PR.F,Emera Inc Series F Pref
EML.PR.A,The Empire Life Insurance CO Pref A
EMV.B,CI Wisdomtree Emerging Mkt Divd Index
ENB.PF.A,Enbridge Inc Pref Ser 9
ENB.PF.E,Enbridge Inc Pref Ser 13
ENB.PF.I,Enbridge Inc Pref Ser 17
ENB.PF.U,Enbridge Inc Pref Ser L
ENB.PR.A,Enbridge Pr
ENB.PR.C,Enbridge Inc Pref Ser C
ENB.PR.F,Enbridge Inc Pref Ser F
ENB.PR.J,Enbridge Inc Pref Ser 7
ENB.PR.P,Enbridge Inc Pref Ser P
ENB.PR.U,Enbridge Inc Pref Sh Series J
ENB.PR.Y,Enbridge Inc Cum Red Pref Ser 3
ENI.UN,Energy Income Fund
ENS.PR.A,E Split Corp Pref Shares
EQB,Equitable Group Inc
EQL,Invesco S&P 500 Eql Weight Idx ETF
EQL.U,Invesco S&P 500 Eql Weight Idx ETF USD
EQX.WT,Equinox Gold Corp WT
ERD,Erdene Resource Development Corp
ERF,Enerplus Corp
ESG,Invesco S&P 500 ESG Index ETF
ESGA,BMO MSCI Canada ESG Leaders Index ETF
ESGE,BMO MSCI EAFE ESG Leaders Index ETF
ESGG,BMO MSCI Global ESG Leaders Index ETF
ESI,Ensign Energy Services Inc
ESN,Essential Energy Services Ltd
ETG,Entree Resources Ltd
ETP,First Trust Global Risk Managed Inc ETF
ETX,Etrion Corp
EVT,Economic Investment
EXE.DB.C,Extendicare Inc 5 Pct Debs
EXN,Excellon Resources Inc
EARN,Evolve Active Global Fixed Income ETF
ECN.DB,Ecn Capital Corp 6.0 Pct Debs
ECN.PR.C,Ecn Capital Corp Pref Ser C
EDGE,Evolve Innovation Index ETF
EDR,Endeavour Silver Corp
EDV,Endeavour Mining Corp
EFL,Electrovaya Inc
EFN.DB.B,Element Fleet Management 4.25 Pct Debs
EFN.PR.C,Element Fleet Mgmt Corp Pref Ser C
EFN.PR.G,Element Fleet Mgmt Corp Pref Ser G
EFR,Energy Fuels Inc
EFR.WT,Energy Fuels Inc WT
EGIF,Exemplar Growth and Income Fund ETF
EHE,CI Wisdomtree Europe Hedged Equity Index
EIF,Exchange Income Corp
EIF.DB.I,Exchange Income Corp 5.25 Pct Debs
EIF.DB.K,Exchange Income Corp 5.75 Pct Debs
EIT.PR.B,Canoe Eit Income Fund Pref Ser 2
ELD,Eldorado Gold
ELF,E-L Financial
ELF.PR.G,E- L Financial Corp Limited
ELR,Eastern Platinum Limited
EMA,Emera Incorporated
EMA.PR.B,Emera Inc Pref Sh Series B
EMA.PR.E,Emera Inc Pref Ser E
EMA.PR.H,Emera Inc Pref Series H
EMP.A,Empire Company Limited
ENB,Enbridge Inc
ENB.PF.C,Enbridge Inc Pref Ser 11
ENB.PF.G,Enbridge Inc Pref Ser 15
ENB.PF.K,Enbridge Inc Pref Series 19
ENB.PF.V,Enbridge Inc Pref Ser 5 USD
ENB.PR.B,Enbridge Inc Cum Redeem Pref Ser B
ENB.PR.D,Enbridge Inc Pref Ser D
ENB.PR.H,Enbridge Inc Pref Ser H
ENB.PR.N,Enbridge Inc Pref Ser N
ENB.PR.T,Enbridge Inc Pref Ser R
ENB.PR.V,Enbridge Inc Pref Ser 1
ENGH,Enghouse Systems Limited
ENS,E Split Corp
EOX,Euromax Resources Ltd
EQB.PR.C,Equitable Group Inc Pref Ser 3
EQL.F,Invesco S&P 500 Eql Weight Idx ETF Hgd
EQX,Equinox Gold Corp
ER,Eastmain Res J
ERE.UN,European Residential Real Estate Invs.
ERO,Ero Copper Corp
ESG.F,Invesco S&P 500 ESG Index ETF Hedged
ESGB,BMO ESG Corporate Bond Index ETF
ESGF,BMO ESG US Corp Bnd Hdgd To CAD Idx ETF
ESGY,BMO MSCI USA ESG Leaders Index ETF
ESM,Euro Sun Mining Inc
ET,Evertz Technologies Limited
ETHI,Horizons Global Sustain Leaders Idx ETF
ETP.A,First Trust Glb Risk Managed Inc ETF AC
EUR,First Trust Alphadex Euro Div ETF
EXE,Extendicare Inc
EXF,Exfo Inc
EXN.WT,Excellon Resources Inc WT
CACB,CIBC Active Invst Grade Corp Bond ETF
CAGG,CI Yield Enh CDN Agrt Bond ETF
CALL,Evolve US Banks Enhanced Yield ETF
CALL.U,Evolve US Banks Enhanced Yld Fd ETF USD
CARS,Evolve Automobile Innovation Idx Hgd ETF
CARS.U,Evolve Automobile Innovation Idx Fd USD
CBH,Ishares 1-10 Yr Laddered Corp Bond ETF
CCA,Cogeco Communications Inc
CCL.B,Ccl Industries Inc Cl B NV
CCO,Cameco Corp
CDAY,Ceridian Hcm Holdings Inc
CDLB,CI Doubleline Total Return Bnd US HD ETF
CDLB.U,CI Doubleline Total Retrn Bnd US ETF USD
CDZ,Ishares S&P TSX CDN Dividend ETF
CEF,Sprott Physical Gold Silver Trust
CERV,Cervus Equipment Corp
CEU,Ces Energy Solutions Corp
CF,Canaccord Genuity Group Inc
CF.PR.A,Canaccord Genuity Group Inc Pref A
CFF,Conifex Timber Inc
CFP,Canfor Corp
CFX,Canfor Pulp Products Inc
CGAA,CI First Asset Glb Asset Allocation ETF
CGI,CDN General Inv
CGL,Ishares Gold Bullion ETF Hdg
CGLO,CIBC Global Growth ETF
CGR,Ishares Global Real Estate ETF
CGRE,CI Global REIT Private Pool ETF
CGX.DB.B,Cineplex Inc Debs
CGY,Calian Group Ltd
CHE.DB.B,Chemtrade Logistics If 5.25 Pct Debs
CHE.DB.D,Chemtrade Logistics Inc Fd 4.75 Pct Debs
CHE.DB.F,Chemtrade Logistics If 8.50 Pct Debs
CHNA.B,CI Icbccs SP China 500 Index ETF
CHR,Chorus Aviation Inc
CHW,Chesswood Group Limited
CIC,CI First Asset Canbanc Income Class ETF
CIGI,Colliers International Group Inc
CINT,CIBC International Equity ETF
CIU.PR.A,Cu Inc Pref Shares
CIX,CI Financial Corp
CJ.DB,Cardinal Energy Ltd 5.50 Pct Debs
CJR.B,Corus Entertainment Inc Cl.B NV
CJT.DB.D,Cargojet Inc 5.75 Pct Debs
CJT.DB.F,Cargojet Inc 5.25 Pct Debs
CKI.DB,Clarke Inc 6.25 Pct Debs
CLG,Ishares 1-10 Yr Ladder Govt Bond ETF
CLIQ.DB,Alcanna Inc 4.70 Pct Debs
CLR,Clearwater Seafoods Incorporated
CM,Canadian Imperial Bank of Commerce
CM.PR.P,CIBC Pref Ser 41
CM.PR.R,CIBC Pref Ser 45
CM.PR.T,CIBC Pref Series 49
CMAG,CI Munro Alt Global Growth ETF
CMAR.U,CI Marret Alt Absolute Rtrn Bnd ETF USD
CMG,Computer Modelling Group Ltd
CMR,Ishares Premium Money Market ETF
CNE,Canacol Energy Ltd
CNR,Canadian National Railway Co.
CNU,Cnooc Limited
COMM,BMO Global Communications Index ETF
COW,Ishares Global Agri Index ETF
CPD,Ishares S&P TSX CDN Pref ETF
CPH,Cipher Pharmaceuticals Inc
CPX,Capital Power Corp
CPX.PR.C,Capital Power Corp Pref Ser 3
CPX.PR.G,Capital Power Corporation Pref Ser 7
CPX.PR.K,Capital Power Corporation Pref Series 11
CRDL,Cardiol Therapeutics Inc
CRED,CI Lawrence Park Alt Invest Grd Crdt ETF
CRH,CRH Medical Corp
CRP,Ceres Global Ag Corp
CRRX,Carerx Corporation
CRWN,Crown Capital Partners Inc
CS,Capstone Mining Corp
CSD,Ishares Short Dur HI Inc ETF CAD Hgd
CSH.UN,Chartwell Retirement Residences
CSU,Constellation Software Inc
CSW.A,Corby Spirit and Wine Ltd Class A
CSY,CI First Asset Core Can Equity Inc Class
CTC.A,Canadian Tire Corporation Cl A NV
CTX,Crescita Therapeutics Inc
CU.PR.C,Canadian Utilities Limited Pref Ser C
CU.PR.E,Canadian Utilities Ltd Pref Ser Bb
CU.PR.G,Canadian Utilities Ltd Pref Ser Dd
CU.PR.I,Canadian Utilities Ltd Pref Ser Ff
CUD,Ishares S&P US Div Growers ETF
CUP.RT.U,Caribbean Utilities Companyltd RTS USD
CVD,Ishares Convertible Bond Index ETF
CVG,Clairvest Group
CWB.PR.B,Canadian Western Bank Pref Ser 5
CWB.PR.D,Canadian Western Bank Pref Series 9
CWEB.WR,Charlottes Web Holdings Inc Wr
CWL,Caldwell Partners International Inc
CWX,Canwel Building Materials Group Ltd
CXB,Calibre Mining Corp
CXI,Currency Exchange International Corp
CYBR,Evolve Cyber Security Index Hgd ETF
CYBR.U,Evolve Cyber Security Index Uh Fund USD
CAE,Cae Inc
CAGS,CI Yield Enh CDN ST Agt Bond ETF
CALL.B,Evolve US Banks Enhanced Yield Unheg
CAR.UN,CDN Apartment Un
CARS.B,Evolve Automobile Innovation Idx Uh ETF
CAS,Cascades Inc
CBO,Ishares 1-5Yr Laddered Corp Bond ETF
CCL.A,Ccl Inc Cl A
CCM,Canarc Res J
CCS.PR.C,Co-Operators Gen Ins Cl E Prf
CDD.UN,Core Canadian Dividend Trust
CDLB.B,CI Doubleline Total Return Bnd US Uh ETF
CDV,Cardinal Resources Limited
CEE,Centamin Plc
CEF.U,Central Fund of Canada Ltd Cl.U NV
CET,Cathedral Energy Services Ltd
CEW,Ishares Equal Weight Banc Lifeco ETF
CF.DB.A,Canaccord Genuity Group 6.25 Pct Debs
CF.PR.C,Canaccord Genuity Group Inc Pref C
CFLX,CIBC Flexible Yield ETF Hedged
CFW,Calfrac Well Services Ltd
CG,Centerra Gold Inc
CGG,China Gold Int Resources Corp
CGI.PR.D,Canadian General Inv Ltd Pref Ser 4
CGL.C,Ishares Gold Bullion ETF Non Hdg
CGO,Cogeco Inc Sv
CGRA,CI Global Real Asset Private Pool ETF
CGX,Cineplex Inc
CGXF,CI First Asset Gold Giants Cvr Call ETF
CHB,Ishares US HY Fixed Income Index ETF
CHE.DB.C,Chemtrade Logistics Income Fund 5.0 Debs
CHE.DB.E,Chemtrade Logistics If 6.50 Pct Debs
CHE.UN,Chemtrade Logistics Income Fund
CHP.UN,Choice Properties REIT
CHR.DB.A,Chorus Aviation Inc 5.75 Pct Debs
CIA,Champion Iron Limited
CIF,Ishares Global Infrastructure Index ETF
CINF,CI Global Infrastructure Pvt Pool ETF
CIQ.UN,Canadian High Income Equity Fund
CIU.PR.C,Cu Inc Pref Ser 4
CJ,Cardinal Energy Ltd
CJ.DB.A,Cardinal Energy Ltd 8 Pct Debs
CJT,Cargojet Inc
CJT.DB.E,Cargojet Inc 5.75 Pct Debs
CKI,Clarke Inc
CLF,Ishares 1-5 Yr Ladder Govt Bond ETF
CLIQ,Alcanna Inc
CLQ,Clean Teq Holdings Limited
CLS,Celestica Inc Sv
CM.PR.O,CIBC Pref Ser 39
CM.PR.Q,CIBC Pref Ser 43
CM.PR.S,CIBC Pref Series 47
CM.PR.Y,CIBC Pref Series 51
CMAR,CI Marret Alt Absolute Return Bnd ETF
CMCE,CIBC Multifactor Canadian Equity ETF
CMMC,Copper Mountain Mining Corp
CMUE,CIBC Multifactor US Equity ETF
CNQ,CDN Natural Res
CNT,Century Global Commodities Corp
COG,Condor Gold Plc
CORP,Exemplar Investment Grade Fund
CP,Canadian Pacific Railway Limited
CPG,Crescent Point Energy Corp
CPI,Condor Petroleum Inc
CPX.PR.A,Capital Power Corporation Pref Ser 1
CPX.PR.E,Capital Power Corporation Pref Ser 5
CPX.PR.I,Capital Power Corporation Pref Ser 9
CR,Crew Energy Inc
CRDL.WT,Cardiol Therapeutics Inc WT
CRED.U,CI Lawrence Park Alt Inv Grd Crt ETF USD
CRON,Cronos Group Inc
CRR.UN,Crombie Real Estate Investment Trust
CRT.UN,CT Real Estate Investment Trust
CRWN.DB,Crown Capital Partners Inc 6.0 Pct Debs
CSAV,CI First Asset High Interest Savings ETF
CSE.PR.A,Capstone Infrastructure Corp Pref A
CSM,Clearstream Energy Services Inc
CSU.DB,Constellation Software Inc Debs Ser 1
CSW.B,Corby Spirit and Wine Ltd Class B
CTC,Canadian Tire Corporation Limited
CTF.UN,Citadel Income Fund
CU,Canadian Utilities Ltd Cl.A NV
CU.PR.D,Canadian Utilities Ltd Pr Series Aa
CU.PR.F,Canadian Utilities Ltd Pref Ser CC
CU.PR.H,Canadian Utilities Ltd Pref Ser Ee
CU.X,CDN Util Cl B
CUF.UN,Cominar R E Un
CUP.U,Caribbean Util US
CVE,Cenovus Energy Inc
CWB,CDN Western Bank
CWB.PR.C,Canadian Western Bank Pref Ser 7
CWEB,Charlotte's Web Holdings Inc
CWEB.WT,Charlottes Web Holdings Inc
CWW,Ishares S&P Global Water ETF
CWX.NT.A,Canwel Build Materials 6.375 Pct Notes
CXF,CI First Asset CDN Convert Bond ETF
CYB,Cymbria Corporation Cl A
CYBR.B,Evolve Cyber Security Index Uh ETF
CYH,Ishares Global Monthly Dividend ETF
FAF,Fire & Flower Holdings Corp.
FAI,CI First Asset Active
FAP,Aberdeen Asia-Pacific Income Invest Ltd
FBE,CI First Asset Canadian Buyback Index
FC,Firm Capital Mortgage Inv. Corp
FC.DB.F,Firm Capital Mortgage 5.50 Pct Debs
FC.DB.H,Firm Capital Mortgage 5.30 Pct Debs
FC.DB.J,Firm Capital Mtg Inv Corp 5.5 Pct Debs
FCCD,Fidelity CDN High Div Index ETF
FCCM,Fidelity Canadian Momentum Index ETF
FCCV,Fidelity Canadian Value Index ETF
FCGI,Fidelity Global Monthly High Income ETF
FCHY,Fidelity Systematic US High Yld Bond ETF
FCIG,Fidelity Global Investment Grade Bnd ETF
FCIM,Fidelity International Momentum Idx ETF
FCIV,Fidelity International Value Index ETF
FCMH,Fidelity US Momentum Cur Neut Index ETF
FCMO,Fidelity US Momentum Index ETF
FCR.UN,First Capital REIT Units
FCRR,Fidelity US Div For Rising Rates Idx ETF
FCU,Fission Uranium Corp
FCUH,Fidelity US High Div Cur Neu Idx ETF
FCUQ,Fidelity US High Quality Index ETF
FCVH,Fidelity US Value Currency Neut Idx ETF
FDV,CI First Asset Active CDN Divd ETF
FEC,Frontera Energy Corp
FFH,Fairfax Financial Holdings Ltd
FFH.PR.D,Fairfax Fncl Holdings Ltd Pref Ser D
FFH.PR.F,Fairfax Financial Holdings Pref Ser F
FFH.PR.H,Fairfax Fncl Holdings Ltd Pref Ser H
FFH.PR.J,Fairfax Fncl Holdings Ltd Pref Ser J
FFH.PR.M,Fairfax Financial Holdings Pref Ser M
FFI.UN,Flaherty & Crumrine Fixed Income Fund
FFN.PR.A,North American Fin 15 Split Corp Pref
FGO,CI First Asset Enhanced Govt Bond ETF
FHB,CI First Asset European Bank ETF
FHE,First Trust US Energy ETF
FHG,First Trust US Industrials ETF
FHH.F,First Trust Ad US Health Care ETF
FHI.B,CI First Asset Hlth Care Giants Cov Call
FHQ,First Trust US Technology ETF
FIE,Ishares CDN Fin Mthly Income ETF
FIG.U,CI First Asset Investment Grade Bond ETF
FINT,First Trust Intl Capital Strength ETF
FIRE.DB,The Supreme Cannabis CO Inc 6.00 Pct Deb
FLB,CI First Asset Long Dur Fixed Inc ETF
FLCD,Franklin FTSE Canada All Cap Index ETF
FLCP,Franklin Liberty Core Plus Bond ETF
FLEM,Franklin Libertyqt Emerging Mkts Idx ETF
FLGD,Franklin Libertyqt Glb Dividend Idx ETF
FLJA,Franklin FTSE Japan Index ETF
FLRM,Franklin Liberty Risk Mngd CDN Eqt ETF
FLUI,Franklin Liberty US Invest Grd Corp ETF
FLUS,Franklin Libertyqt US Eqt Index ETF
FN,First National Financial Corp
FN.PR.B,First National Financial Corp Pref B
FOOD,Goodfood Market Corp
FOUR,Horizons Industry 4.0 Index ETF
FQC,CI First Asset MSCI Can Quality Index
FRII,Freshii Inc
FRU,Freehold Royalties Ltd
FSB,CI First Asset Enhanced Sh Dur Bond ETF
FSF,CI First Asset Global Financial Sector
FSR,First Trust DW US Sctr Rtn ETF
FST.A,First Trust CDN Capital Strength ETF AC
FSY,Forsys Metals Corp
FSZ.DB,Fiera Capital Corp 5.0 Pct Debs
FT,Fortune Mnrl J
FTG,Firan Technology Group Corp
FTN.PR.A,Financial 15 Split Corp
FTS.PR.F,Fortis Inc Pref Shares Series F
FTS.PR.H,Fortis Inc Pref Ser H
FTS.PR.J,Fortis Inc Pref Ser J
FTS.PR.M,Fortis Inc Pref Ser M
FTU,US Financial 15 Split Corp
FUD,First Trust Alphadex US Div ETF CAD Hdg
FVI,Fortuna Silver Mines Inc
FVL,Freegold Ventures Limited
FXC.WT,Fax Capital Corp Wts
FAH.U,Fairfax Africa Holdings Corp
FAO,CI First Asset Active Credit ETF
FAR,Foraco International Sa
FBU,CI First Asset US Buyback Index ETF
FC.DB.E,Firm Cap Mtg Invest Corp 5.30 Pct Debs
FC.DB.G,Firm Capital Mortgage Inv 5.20 Pct Debs
FC.DB.I,Firm Capital Mtg Inv Corp 5.40 Pct Debs
FCCB,Fidelity Systematic CDN Bond Index ETF
FCCL,Fidelity Canadian Low Vol Index ETF
FCCQ,Fidelity Canadian High Quality Index ETF
FCGB,Fidelity Global Core Plus Bond ETF
FCHH,Fidelity Systematic US HI Yld Bd Cn ETF
FCID,Fidelity Intl High Dividend Index ETF
FCIL,Fidelity Intl Low Vol Index ETF
FCIQ,Fidelity Intl High Quality Index ETF
FCLH,Fidelity US Low Vol Cur Ntrl Index ETF
FCMI,Fidelity CDN Monthly High Income ETF
FCQH,Fidelity US High Qlty Cur Ntrl Index ETF
FCRH,Fidelity US Div Rising Rates Cur Neu Idx
FCSB,Fidelity Canadian Short Term Corp Bd ETF
FCUD,Fidelity US High Div Index ETF
FCUL,Fidelity US Low Vol Index ETF
FCUV,Fidelity US Value Index ETF
FDE,First Trust Alphadex Emg Mkt Div ETF CAD
FEBB.F,First Trust CBOE Vest US Eqty ETF Feb
FF,First Mining Gold Corp
FFH.PR.C,Fairfax Fncl Holdings Ltd Pref Ser C
FFH.PR.E,Fairfax Financial Hldngs Pref Ser E
FFH.PR.G,Fairfax Financial Hldngs Pref Ser G
FFH.PR.I,Fairfax Financial Holdings Series I Pref
FFH.PR.K,Fairfax Financial Holdings Pref Ser K
FFH.U,Fairfax Financial Holdings Limited USD
FFN,North American Financial 15 Split Corp
FGB,CI First Asset Shrt Term Govt Bond Indx
FGO.U,CI First Asset Enhanced Govt Bond ETF
FHD,First Trust US Consmr Dscrtn ETF
FHF,First Trust US Financial ETF
FHH,First Trust US Health Care ETF
FHI,CI First Asset Hlth Care Giants Cov Call
FHM,First Trust US Materials ETF
FHQ.F,First Trust Ad US Technology ETF
FIG,CI First Asset Investment Grade Bond ETF
FIH.U,Fairfax India Holdings Corporation USD
FIRE,The Supreme Cannabis Company Inc
FLAM,Franklin FTSE US Index ETF
FLBA,Franklin Liberty Core Balanced ETF
FLCI,Franklin Liberty CDN Invest Grd Corp ETF
FLDM,Franklin Libertyqt Intl Eqt Index ETF
FLGA,Franklin Liberty Global Agg Bond ETF
FLI,CI First Asset US Cda Lifeco Income ETF
FLOT,Purpose Floating Rate Income Fund ETF
FLSD,Franklin Liberty Short Duration Bond ETF
FLUR,Franklin FTSE Europe Ex UK Index ETF
FM,First Quantum Minerals Ltd
FN.PR.A,First National Financial Corp Pref A
FNV,Franco-Nevada Corp
FOOD.DB,Goodfood Market Corp 5.75 Pct Debs
FPR,CI First Asset Pref Share ETF
FR,First Majestic Silver Corp Common
FRL.UN,Senior Secured Floating Rate Loan Fund
FRX,Fennec Pharmaceuticals Inc
FSB.U,CI First Asset Enhanced Sh Dur Bond ETF
FSL,First Trust Senior Loan ETF
FST,First Trust CDN Capital Strength ETF
FSV,Firstservice Corp
FSZ,Fiera Capital Corp
FSZ.DB.A,Fiera Capital Corp 5.60 Pct Debs
FTB,First Trust Tactical Bond Index ETF
FTN,Financial 15 Split Corp
FTS,Fortis Inc
FTS.PR.G,Fortis Inc First Pref Ser G
FTS.PR.I,Fortis Inc Pref Ser I
FTS.PR.K,Fortis Inc Pref Ser K
FTT,Finning Intl
FTU.PR.B,US Finl 15 Split 2012 Pref Sh
FUD.A,First Trust Value Line Div Idx ETF AC
FVI.DB.U,Fortuna Silver Mines Inc 4.65 Pct Debs
FXC,Fax Capital Corp
FXM,CI First Asset Morningstar Cda Value ETF
IAF.PR.B,Industrial Alliance Cl A Pref Ser B
IAF.PR.I,Industrial Alliance Cl A Pref Ser I
IBG,Ibi Group Inc
ICE,Canlan ICE Sports Corp
IDG,Indigo Books & Music Inc
IFA,Ifabric Corp
IFC.PR.A,Intact Financial Corp Pref Cl A
IFC.PR.D,Intact Financial Corp Pref Shares Ser 4
IFC.PR.F,Intact Financial Corp Pref Shares Ser 6
IFC.PR.I,Intact Financial Corp Pref Shares Ser 9
IFRF,IA Clarington Floating Rate Income ETF
IGB,Purpose Mngd Duration Invest Bond ETF
IGLB,IA Clarington Global Bond Fund
III,Imperial Metals Corp
ILV,Invesco SP Intl Dev Low Vol Idx ETF
IMG,Iamgold Corp
IMP,Intermap Tech Corp
IN,Inmed Pharmaceuticals IN
INE,Innergex Renewable Energy Inc
INE.DB.C,Innergex Renewable Energy 4.65 Pct Debs
INE.PR.C,Innergex Renewable Energy Inc Pref Ser C
INO.UN,Inovalis REIT
INQ,Inscape Corp Sv
IPCI,Intellipharmaceutics International Inc
IPL,Inter Pipeline Ltd
IPO,Inplay Oil Corp
IQD.B,CI Wisdomtree Intl Qlty Divd Growth
ISV,Information Services Corp
ITP,Intertape Polymer
IVQ,Invesque Inc CAD
IVQ.DB.V,Invesque Inc 6.00 Pct Debs USD
IAF.PR.G,Industrial Alliance Cl A Pref Ser G
IAG,Industrial Alliance Ins & Fin Srv Inc
IBG.DB.D,Ibi Group Inc 5.50 Pct Debs
ICPB,IA Clarington Core Plus Bond Fund
IDR,Middlefield REIT Indexplus ETF
IFC,Intact Financial Corp
IFC.PR.C,Intact Financial Corp Pref Cl A
IFC.PR.E,Intact Financial Corp Pref Cl A Ser 5
IFC.PR.G,Intact Financial Corp Pref Shares Ser 7
IFP,Interfor Corp
IGAF,IA Clarington Global Allocation Fund ETF
IGCF,Pimco Investment Grade Credit Fund
IGM,Igm Financial Inc
IIP.UN,Interrent Real Estate Investment Trust
ILV.F,Invesco SP Intl Dev Low Vol ETF Hedged
IMO,Imperial Oil
IMV,Imv Inc.
INC.UN,Income Fin Un
INE.DB.B,Innergex Renewable Energy 4.75 Pct Debs
INE.PR.A,Innergex Renewable Energy Pref Ser A
INF.UN,Sustainable Infrastructure Div Fund
INOC,Horizons Inovestor CDN Equity Index ETF
INV,Inv Metals Inc
IPCO,International Petroleum Corp
IPLP,Ipl Plastics Inc
IQD,CI Wisdomtree Intl Qlty Divd Growth
ISIF,IA Claringtion Strategic Income Fund ETF
ITH,International Tower Hill Mines Ltd
IVN,Ivanhoe Mines Ltd
IVQ.DB.U,Invesque Inc 5.00 Pct Debs
IVQ.U,Invesque Inc
JAG,Jaguar Mining Inc
JAPN.B,CI Wisdomtree Japan Equity Index ETF
JE.DB.C,Just Energy Group Inc 6.75 Pct Debs
JE.PR.U,Just Energy Group Inc Pref USD
JOSE,Josemaria Resources Inc
JWEL,Jamieson Wellness Inc
JAPN,CI Wisdomtree Japan Equity Index ETF
JE,Just Energy Group Inc
JE.DB.D,Just Energy Group Inc 6.75 Pct Debs
JFS.UN,Jft Strategies Fund
JOY,Journey Energy Inc
K,Kinross Gold Corp
KEG.UN,Keg Royalties Income Fund
KEL.DB,Kelt Exploration Ltd 5.0 Pct Debs
KEY,Keyera Corp
KILO.B,Purpose Gold Bullion Fund Non Hedged
KL,Kirkland Lake Gold Ltd
KMP.UN,Killam Apartment REIT
KPT,Kp Tissue Inc
KRR,Karora Resources Inc.
KXS,Kinaxis Inc
KBL,Kbro Linen Inc
KEL,Kelt Exploration Ltd
KER,Kerr Mines Inc
KILO,Purp Gold Bullion Tu
KILO.U,Purpose Gold Bullion Fund Non Hedged USD
KLS,Kelso Technologies Inc
KOR,Corvus Gold Inc
KRN,Karnalyte Resources Inc
KRR.WT,Karora Resources Inc Wts
L,Loblaw CO
LABS,Medipharm Labs Corp
LAM,Laramide Resources Ltd
LB,Laurentian Bank
LB.PR.J,Laurentian Bank of Cda Pr Ser 15
LBS.PR.A,Life & Banc Split Corp
LCS.PR.A,Brompton Lifeco Split Corp Pref Shares
LEAD.B,Evolve Future Leadership ETF Unhedged
LFE,Canadian Life Companies Split Corp
LGD,Liberty Gold Corp
LGT.A,Logistec Corporation Cl.A Mv
LIF,Labrador Iron Ore Royalty Corp
LIFE.B,Evolve Global Healthcare Enhance Yld
LN,Loncor Resources Inc
LNR,Linamar Corp
LSPD,Lightspeed Pos Inc
LUG,Lundin Gold Inc
LXR,Lxrandco Inc
L.PR.B,Loblaw Companies Ltd 2nd Pref Ser B
LAC,Lithium Americas Corp
LAS.A,Lassonde Industries Inc Cl A Sv
LB.PR.H,Laurentian Bank of Cda Pr Ser 13
LBS,Life & Banc Split Corp
LCS,Brompton Lifeco Split Corp Class A
LEAD,Evolve Future Leadership ETF Hedged
LEAD.U,Evolve Future Leadership ETF Uh USD
LFE.PR.B,Canadian Life Split 2012 Pref Sh
LGO,Largo Resources Ltd
LGT.B,Logistec Corporation Cl.B Sv
LIFE,Evolve Global Healthcare Enhance Yld ETF
LIFE.U,Evolve Global Healthcare Yld Fund ETF
LNF,Leons Furniture
LS,Middlefield Healthcare Life Sciences ETF
LUC,Lucara Diamond Corp
LUN,Lundin Mining Corp
QAH,Mackenzie US Large Cap Eqty Idx CAD Hgd
QBR.A,Quebecor Inc Cl.A Mv
QBTC.U,The Bitcoin Fund
QCD,Quantshrs Enh Core CDN Equity ETF
QCN,Mackenzie Canadian Equity Index ETF
QDXH,Mackenzie Intl Equity Index ETF CAD Hgd
QEC,Questerre Energy Corp
QGL,Quantshrs Global Equity Rotation ETF
QMA,Quantshrs Multiasset Allocation ETF
QQC.F,Invesco QQQ Index ETF
QSP.UN,Restaurant Brands Intl Ltd Partnership
QTRH,Quarterhill Inc
QUIG,Mackenzie US Inv Grd Corp Bd Idx CAD Hgd
QUU,Mackenzie US Large Cap Equity Index ETF
QBB,Mackenzie CDN Aggregate Bond Index ETF
QBR.B,Quebecor Inc Cl.B Sv
QBTL,Agfiq US Mkt Neut Antibeta CAD Hdg ETF
QCE,Mackenzie CDN Large Cap Equity Index ETF
QDX,Mackenzie International Equity Index ETF
QEBH,Mackenzie Emerging Mkts Bond Index ETF
QEM,Quantshrs Enh Core Emg Mkt Eqt ETF
QIE,Quantshrs Enh Core Intl Equity ETF
QMY,Quantshrs Multiasset Inc Allocation ETF
QSB,Mackenzie CDN Short Term Bond Index ETF
QSR,Restaurant Brands International Inc
QUDV,Agfiq US Long Short Div Inc CAD Hdg ETF
QUS,Quantshrs Enh Core US Equity ETF
QXM,CI First Asset Morningstar Nb Quebec ETF
MAG,MAG Silver Corp
MARI,Marimaca Copper Corp
MAW,Mawson Resources Ltd
MAXR,Maxar Technologies Inc
MBA,Cibt Education Group Inc
MBN,Mbn Corp
MCB,Mccoy Global Inc
MCSB,Mackenzie CDN Short Term Fixed Inc ETF
MDC.UN,Digital Consumer Dividend Fund
MDI,Major Drilling Grp
MDS.UN,Healthcare Special Opp Fund
MEE,Mackenzie Max Diverse Emg Mkts ETF
MEME.B,Manulife Multifactor Emerg Mkts Idx ETF
MEU,Mackenzie Max Diversif Dev EUR ETF
MFC.PR.B,Manulife Financial Cl A Pref Ser 2
MFC.PR.F,Manulife Financial Cl 1 Sh Ser 3
MFC.PR.H,Manulife Financial Pref Ser 7
MFC.PR.J,Manulife Financial Class 1 Ser 11
MFC.PR.L,Manulife Financial Pref Ser 15
MFC.PR.N,Manulife Financial Pref Ser 19
MFC.PR.P,Manulife Financial Class 1 Sh Ser 4
MFC.PR.R,Manulife Financial Pref Ser 23
MFR.UN,Manulife Floating Rate Senior Loan Fund
MG,Magna International Inc
MGB,Mackenzie Core Pls Glob Fixed Inc ETF
MIC,Genworth MI Canada Inc
MIN,Excelsior Mining Corp
MINT,Manulife Mltfactor Dev Intl Hgd ETF
MIVG,Mackenzie Ivy Global Equity ETF
MKC,Mackenzie Max Dvrs Cda Index ETF
MKZ.UN,Mackenzie Mstr Un
MMP.UN,Precious Metals and Mining Trust
MND,Mandalay Resources Corp
MNS.U,Royal CDN Mint CDN Svr Reserves Etr USD
MNT.U,Royal Canadian Mint CDN Gld Reserves USD
MOGO.DB,Mogo Inc 10.0 Pct Debs
MPC,Madison Pac Cl B
MPCF,Mackenzie Portfolio Completion ETF
MQR,Monarques Gold Corp
MR.DB.B,Melcor REIT 5.1 Pct Debs
MRC,Morguard Corp
MRE,Martinrea International Inc
MRG.UN,Morguard Na Residential REIT Units
MRT.UN,Morguard Un
MSI,Morneau Shepell Inc
MTL,Mullen Group Ltd
MTY,Mty Food Group Inc
MULC,Manulife Mltfactor US Large Cap Hgd ETF
MUMC,Manulife Mltfactor US Mid Cap Hgd ETF
MUS,Mackenzie Max Dvrs US Index ETF
MUX,Mcewen Mining Inc
MX,Methanex Corp
MXU,Mackenzie Max Divers Wrld Dev Ex Na ETF
MAL,Magellan Aero
MAV,Mav Beauty Brands Inc
MAX,Midas Gold Inc
MAYB.F,First Trust CBOE Vst US Eq Bf Hg ETF May
MBK.UN,Manulife US Regional Bank Trust
MBX,Microbix J
MCLC,Manulife Mltfactor CDN Large Cap Uh ETF
MCSM,Manulife Mulfact CDN Smid Cap Idx ETF
MDF,Mediagrif Interac
MDNA,Medicenna Therapeutics Corp
ME,Moneta Porcupine J
MEG,Meg Energy Corp
MEQ,Mainstreet Eq J
MFC,Manulife Fin
MFC.PR.C,Manulife Financial Cl A Pref Ser 3
MFC.PR.G,Manulife Financial Non Cum Cla 1 Ser 5
MFC.PR.I,Manulife Financial Pref Ser 9
MFC.PR.K,Manulife Financial Pref Ser 13
MFC.PR.M,Manulife Financial Pref Ser 17
MFC.PR.O,Manulife Financial Pref Ser 21
MFC.PR.Q,Manulife Financial Corp Pref Series 25
MFI,Maple Leaf Foods
MFT,Mackenzie Floating Rate Income ETF
MGA,Mega Uranium Ltd
MI.UN,Minto Apartment REIT
MID.UN,Mint Income Fund
MIND,Horizons Active Ai Global Equity ETF
MINT.B,Manulife Mltfactor Dev Intl Uh ETF
MKB,Mackenzie Core Pls CDN Fixed Income ETF
MKP,Mcan Mortgage Corp
MLD.UN,Moneda Latam Corp Bond Fund
MMX,Maverix Metals Inc
MNS,Royal CDN Mint CDN Silver Reserves Etr
MNT,Royal Canadian Mint CDN Gold Reserves
MOGO,Mogo Inc
MOZ,Marathon Gold Corp
MPC.C,Madison Pacific Properties Inc Cl.C NV
MPVD,Mountain Province Diamonds Inc
MR.DB.A,Melcor REIT 5.25 Pct Debs
MR.UN,Melcor REIT
MRD,Melcor Dev
MRG.DB.A,Morguard Na REIT 4.50 Pct Debs
MRT.DB,Morguard REIT 4.50 Pct Debs
MRU,Metro Inc
MSV,Minco Silver Corp
MTL.DB,Mullen Group Ltd 5.75 Pct Debs
MUB,Mackenzie Unconstrained Bond ETF
MULC.B,Manulife Mltfactor US Large Cap Uh ETF
MUMC.B,Manulife Mltfactor US Mid Cap Uh ETF
MUSC,Manulife Multifactor U.S. Small Cap
MWD,Mackenzie Max Diversif World Dev ETF
MXG,Maxim Power Corp
NA,National Bank of Canada
NA.PR.C,National Bank Pref Ser 38
NA.PR.G,National Bank Pref Series 42
NA.PR.W,National Bank Pref Ser 32
NAC.V,Nextpoint Acquisition Corp USD
NB,Niocorp Developments Ltd
NCG,Ncm Core Global ETF
NCU,Nevada Copper Corp
NDM,Northern Dynasty Minerals Ltd
NEO,NEO Performance Materials Inc
NEXA,Nexa Resources S.A.
NFAM,Nbi Canadian Family Business ETF
NG,Novagold Res Inc
NGT,Newmont Corp.
NHYB,Nbi High Yield Bond ETF
NML,New Millennium Iron Corp
NOA.DB.A,Na Construction Group Ltd 5.0 Pct Debs
NPI,Northland Power Inc
NPI.PR.B,Northland Power Inc Pref Ser 2
NPK,Verde Agritech Plc
NREA,Nbi Global Real Assets Income ETF
NSCB,Nbi Sustainable Canadian Bond ETF
NSGE,Nbi Sustainable Global Equity ETF
NTR,Nutrien Ltd
NUBF,Nbi Unconstrained Fixed Income ETF
NVCN,Neovasc Inc
NVEI.U,Nuvei Corporation USD
NWC,The North West Company Inc
NWH.DB.F,Northwest Healthcare Prop 5.25 Pct Debs
NWH.UN,Northwest Healthcare Prop REIT
NXF,CI First Asset Energy Giants Cov Call
NXJ,Nexj Systems Inc
NA.PR.A,National Bank Pref Ser 36
NA.PR.E,National Bank Pref Series 40
NA.PR.S,National Bank Pref Ser 30
NA.PR.X,National Bank Pref Ser 34
NALT,Nbi Liquid Alternatives ETF
NCF,Northcliff Resources Ltd
NCP,Nickel Creek Platinum Corp
NCU.WT,Nevada Copper Corp.
NDM.WT.B,Northern Dynasty Minerals Ltd WT B
NEPT,Neptune Wellness Solutions Inc
NEXT,Nextsource Materials Inc
NFI,New Flyer Industries Inc
NGD,New Gold Inc
NHK,Nighthawk Gold Corp
NIF.UN,Noranda Income Fund
NOA,North American Energy Partners Inc
NOVB.F,FT CBOE Vest US Eqty Buffer November ETF
NPI.PR.A,Northland Power Pref Equity Inc
NPI.PR.C,Northland Power Inc Pref Ser 3
NPRF,Nbi Active Canadian Preferred Sh ETF
NRI,Nuvo Pharmaceuticals Inc
NSCE,Nbi Sustainable Canadian Equity ETF
NSR,Nomad Royalty Company Ltd.
NUAG,New Pacific Metals Corp
NVA,Nuvista Energy Ltd
NVEI,Nuvei Corporation
NVU.UN,Northview Apartment REIT
NWH.DB.E,Northwest Healthcare Prop 5.25 Pct Debs
NWH.DB.G,Northwest Healthcare Prop REIT 5.50 Debs
NXE,Nexgen Energy Ltd
NXF.B,CI First Asset Energy Giants ETF
NZC,Norzinc Ltd
OBE,Obsidian Energy Ltd
OGD,Orbit Garant Drilling Inc
OLA,Orla Mining Ltd
OMI,Orosur Mining Inc
ONC.WT,Oncolytics Biotech Inc WT
ONEQ,CI One Global Equity ETF
OPS,Opsens Inc
OR,Osisko Gold Royalties Ltd
OR.WT,Osisko Gold Royalties Ltd WT
OREA,Orea Mining Corp
ORV,Orvana Minerals J
OSK,Osisko Mining Inc
OSP,Brompton Oil Split Corp
OTEX,Open Text Corp
OXC,Oryx Petroleum Corporation Ltd
OGC,Oceanagold Corp
OGI,Organigram Holdings Inc
OLY,Olympia Financial Group Inc
ONC,Oncolytics Bio
ONEB,CI One North American Core Plus Bond ETF
ONEX,Onex Corp
OPT,Optiva Inc
OR.DB,Osisko Gold Royalties Ltd 4.00 Pct Debs
ORA,Aura Minerals Inc
ORL,Orocobre Limited
OSB,Norbord Inc
OSL.UN,Ocp Senior Credit Fund
OSP.PR.A,Brompton Oil Split Corp Pref
OVV,Ovintiv Inc
RA.UN,Middlefield Global Real Asset Fund
RAY.A,Stingray Digital Group Inc Sv
RBA,Ritchie Bros Auctioneers Inc
RBN.UN,Blue Ribbon Income Fund
RBO,RBC 1 To 5 Yr Laddered Corp Bond ETF
RBOT.U,Horizons Robotics and Automa Idx ETF USD
RCE,RBC Quant Canadian Equity Leaders ETF
RCI.A,Rogers Communications Inc Cl.A Mv
RCO.UN,Middlefield Can Global REIT Income Fund
REAL,Real Matters Inc
REI.UN,Riocan Real Est Un
RFP,Resolute Forest Products Inc
RIB.UN,Ridgewood CAD Invest Grade Bond Fund
RID.U,RBC Quant EAFE Div Leaders USD ETF
RIE,RBC Quant EAFE Equity Leaders ETF
RIFI,Russell Invt Fixed Income Pool ETF
RIG.U,RBC Quant Global Infras Leaders ETF USD
RIRA,Russell Invt Real Assets ETF
RIV,Canopy Rivers Inc
RLD,RBC Strategic Global Div Leaders ETF
RMBO,RBC 6 To 10 Yr CDN Corp Bond ETF
RNW,Transalta Renewables Inc
ROXG,Roxgold Inc
RPD.U,RBC Quant European Div Leaders ETF USD
RPF,RBC Canadian Pref Share ETF
RPSB,RBC Phn Short Term CDN Bond ETF
RQI,RBC Target 2021 Corp Bond Index ETF
RQK,RBC Target 2023 Corp Bond ETF
RQN,RBC Target 2025 Corp Bond Index ETF
RSI.DB.E,Rogers Sugar Inc 5Pct Debs
RTG,Rtg Mining Inc
RUBY,RBC US Banks Yield Index ETF CAD
RUD.U,RBC Quant US Div Leaders USD ETF
RUE,RBC Quant US Equity Leaders ETF
RUEH,RBC Quant US Equity Leaders CAD Heg ETF
RUSB,RBC Short Term US Corp Bond ETF
RVX,Resverlogix Corp
RVX.WT.A,Resverlogix Corp WT
RWE,CI First Asset MSCI Europe Lr Wgtd ETF
RWU,CI First Asset MSCI USA Lr Wgtd ETF
RWW,CI First Asset MSCI World Low Risk Wtd
RWX,CI First Asset MSCI Intl Low Risk
RXD,RBC Quant Emrg Mkts Div Leaders ETF
RXE,RBC Quant Emrg Mkts Equity Leaders ETF
RY,Royal Bank of Canada
RY.PR.C,Royal Bank of Can. First Pref Ser AC
RY.PR.F,RBC Non-Cum First Pref Ser Af
RY.PR.H,Royal Bank Pref Ser Bb
RY.PR.M,Royal Bank Pref Ser Bf
RY.PR.O,Royal Bank Pref Ser Bi
RY.PR.Q,Royal Bank Pref Ser Bk
RY.PR.S,RBC Pref Shares Series Bo
RY.PR.Z,RBC First Pref Sh Series AZ
RAV.UN,Ravensource Fund
RAY.B,Stingray Digital Group Inc Variable Sv
RBDI,RBC Bluebay Global Income ETF
RBNK,RBC CDN Bank Yield Index ETF
RBOT,Horizons Robotics Automation Idx ETF
RCD,RBC Quant CDN Dividend Leaders ETF
RCH,Richelieu Hardware Ltd
RCI.B,Rogers Communications Inc Cl.B NV
RDL,Redline Communications Group Inc
RECP,Recipe Unlimited Corp
REIT,Powershares Sptsx REIT Income Idx ETF
RGRE,RBC Qnt Global Real Estate Ldrs
RID,RBC Quant EAFE Div Leaders ETF
RIDH,RBC Quant EAFE Div Leaders ETF
RIE.U,RBC Quant EAFE Equity Leaders ETF USD
RIG,RBC Quant Global Infras Leaders ETF
RIIN,Russell Invt Global Infr Pool ETF
RIT,CI First Asset Canadian REIT ETF
RLB,RBC 1 To 5 Year Laddered Can Bond ETF
RLE,RBC Stategic Global Equity Leaders ETF
RME,Rocky Mountain Dealerships Inc
ROOT,Roots Corporation
RPD,RBC Quant European Div Leaders ETF
RPDH,RBC Quant European Div Leaders ETF
RPI.UN,Richards Packaging Income Fund
RQH,RBC Target 2020 Corp Bond Index ETF
RQJ,RBC Target 2022 Corp Bond ETF
RQL,RBC Target 2024 Corp Bond Index ETF
RSI,Rogers Sugar Inc
RSI.DB.F,Rogers Sugar Inc 4.75 Pct Debs
RUBH,RBC US Banks Yield CAD Hgd Index ETF
RUD,RBC Quant US Div Leaders ETF
RUDH,RBC Quant US Div Leaders ETF
RUE.U,RBC Quant US Equity Leaders ETF USD
RUS,Russel Metals
RUSB.U,RBC Short Term US Corp Bond USD
RVX.WT,Resverlogix Corp WT
RWC,CI First Asset MSCI Canada Low Risk Wtd
RWE.B,CI First Asset MSCI Europe Lr Wgtd Unhg
RWU.B,CI First Asset MSCI USA Lr Wgtd Unhedg
RWW.B,CI First Asset MSCI Wld Lr Wtd Uh ETF
RWX.B,CI First Asset MSCI Intl Low Risk Wghtd
RXD.U,RBC Quant Emrg Mkts Div Leaders ETF USD
RXE.U,RBC Quant Emrg Mkts Eqt Leaders ETF USD
RY.PR.A,Royal Bank of Canada Prf Series Aa
RY.PR.E,RBC Non-Cum First Pr Shs. Series Ae
RY.PR.G,RBC Non-Cum First Pr Series Ag
RY.PR.J,Royal Bank Pref Ser Bd
RY.PR.N,Royal Bank Pref Ser Bh
RY.PR.P,Royal Bank Pref Ser Bj
RY.PR.R,Royal Bank Pref Ser Bm
RY.PR.W,Royal Bank Pref 4.90% Ser. W
S,Sherritt Intl Rv
SAM,Starcore International Mines Ltd
SAU,ST Augustine Gold and Copper Ltd
SBC,Brompton Split Banc Corp Cl A
SBI,Serabi Gold Plc
SBN.PR.A,S Split Corp Pref A
SBT,Purpose Silver Bullion ETF
SBT.U,Silver Bullion Trust USD ETF Non Cur
SCL,Shawcor Ltd
SCU,The Second Cup Ltd
SEA,Seabridge Gold Inc
SES,Secure Energy Services Inc
SFC.WT,Sagicor Financial Company Ltd Wts
SFIX,Scotia Strategic Fixed Inc ETF Portfolio
SGR.UN,Slate Grocery REIT
SGY.DB,Surge Energy Inc 5.75 Pct Debs
SHLE,Source Energy Services Ltd
SIA,Sienna Senior Living Inc
SIH.UN,Sustainable Innovation & Health Dividend
SIL,Silvercrest Metals Inc
SIS,Savaria Corp
SJR.B,Shaw Communications Inc Cl.B NV
SJR.PR.B,Shaw Communications Inc Pref Ser B
SLF,Sun Life Financial Inc
SLF.PR.B,Sun Life Pref Ser 2
SLF.PR.D,Sun Life Pref Ser 4
SLF.PR.G,Sun Life Pref Ser 8R
SLF.PR.I,Sun Life Pref Ser 12R
SLF.PR.K,Sun Life Pref Ser 11Qr
SMC,Sulliden Mining Capital Inc
SMU.UN,Summit Industrial Income REIT
SOLG,Solgold Plc
SOT.DB,Slate Office REIT 5.25 Pct Debs
SOX,Stuart Olson Inc
SPB,Superior Plus Corp
SPG.WT,Spark Power Group Inc WT
SPPP.U,Sprott Physical Platinum Palladium USD
SRHI.WT,Sprott Resource Holdings Inc WT
SRV.UN,Sir Royalty Income Fund
SSF.UN,Symphony Floating Rate Sr Loan Fd
SSL.WT,Sandstorm Gold Ltd WT
STEP,Step Energy Services Ltd
STLC,Stelco Holdings Inc
STPL,BMO Glb Consumer Staples Hgd To CAD ETF
SUSA,Scotia Strategic US Eqty ETF Portfolio
SVM,Silvercorp Metals Inc
SVR.C,Ishares Silver Bullion ETF Non Hdg
SWP,Swiss Water Decaffeinated Coffee Inc
SXP,Supremex Inc
SZLS,Stagezero Life Sciences Ltd.
S.WT,Sherritt International Corporation WT
SAP,Saputo Inc
SBB,Sabina Gold and Silver Corp
SBC.PR.A,Brompton Split Banc Corp Pref
SBN,S Split Corp Cl.A
SBR,Silver Bear Resources Plc
SBT.B,Silver Bullion Trust CAD ETF Non Cur
SCAD,Scotia Strategic CDN Eqty ETF Portfolio
SCR,Score Media and Gaming Inc
SCY,Scandium International Mining Corp
SEC,Senvest Capital
SFC,Sagicor Financial Company Ltd
SFD,Nxt Energy Solutions Inc
SGR.U,Slate Grocery REIT USD
SGY,Surge Energy Inc
SGY.DB.A,Surge Energy Inc  6.75 Pct Debs
SHOP,Shopify Inc
SID,CI First Asset US Trendleaders ETF
SII,Sprott Inc
SINT,Scotia Strategic Intl Eqty ETF Portfolio
SJ,Stella Jones Inc
SJR.PR.A,Shaw Communications Inc Pref Ser A
SKE,Skeena Resources Limited
SLF.PR.A,Sun Life Pref Ser 1
SLF.PR.C,Sun Life Pref Ser 3
SLF.PR.E,Sun Life Pref Ser 5
SLF.PR.H,Sun Life Pref Ser H
SLF.PR.J,Sun Life Pref Ser 9Qr
SLR,Solitario Zinc Corp
SMT,Sierra Metals Inc
SNC,Snc-Lavalin Sv
SOP,Soperior Fertilizer Corp
SOT.UN,Slate Office REIT
SOY,Sunopta Inc
SPG,Spark Power Group Inc
SPPP,Sprott Physical Platinum Palladium CAD
SRHI,Sprott Resource Holdings Inc
SRU.UN,Smartcentres Real Estate Investment
SRX,Storm Resources Ltd
SSL,Sandstorm Gold Ltd
SSRM,Ssr Mining Inc
STGO,Steppe Gold Ltd
STN,Stantec Inc
SU,Suncor Energy Inc
SVB,Silver Bull Resources Inc
SVR,Ishares Silver Bullion ETF Hdg
SW,Sierra Wireless
SXI,Synex Intl J
SYLD,Purpose Strategic Yield Fund
SZLS.WT,Stagezero Life Sciences Ltd Wts
U,Uranium Participation CO
UEX,Uex Corp
ULV.C,Powershares Sp500 Low Volatility ETF
ULV.U,Invesco S&P 500 Low Volatility ETF USD
UMI.B,Wisdomtree US Midcap Div Idx Unheg ETF
UNI,Unisync Corp Class B
UR,Urthecast Corp
URB.A,Urbana Corporation A NV
USA,Americas Silver Corp
USB.U,Powershares Lad US 0 To 5 Yr Corp Bd ETF
UTE.UN,Canadian Utilities Telecom Inc Fd
UXM.B,CI First Asset Morningstar US Div Tgt 50
UDA,Caldwell US Dividend Advantage Fund ETF
UFS,Domtar Corp
ULV.F,Invesco S&P 500 Low Volatility ETF
UMI,CI Wisdomtree US Midcap Div Idx ETF
UNC,United Corp Ltd
UNS,Uni Select Inc
URB,Urbana Corporation
URE,Ur-Energy Inc
USB,Powershares Lad US 0 To 5 Yr Corp Bd ETF
USF.UN,US Financials Income Fund
UXM,CI First Asset Morningstar US Div Tgt 50
VA,Vanguard FTSE Dev Asia Pac All Cap ETF
VB,Versabank
VB.PR.B,Versabank Pref Ser 3
VBG,Vanguard Global Ex US Agg Bnd ETF
VCB,Vanguard CDN Corporate Bond Index ETF
VCIP,Vanguard Conservative Income ETF
VCN,Vanguard FTSE Canada All Cap ETF
VDU,Vanguard FTSE Developed AC Ex US ETF
VE,Vanguard FTSE Dev Europe All Cap ETF
VEF,Vanguard FTSE Dev AC Ex US ETF CAD Hdg
VET,Vermilion Energy Inc
VFV,Vanguard S&P 500 Index ETF
VGCX,Victoria Gold Corp
VGH,Vanguard US Div Appr ETF CAD Hdg
VGV,Vanguard CDN Government Bond Index ETF
VI,Vanguard FTSE Dev All Cap Na ETF
VII,Seven Generations Energy Ltd
VIVO,Vivo Cannabis Inc
VLE,Valeura Energy Inc
VLNS,Valens Groworks Corp
VMD,Viemed Healthcare Inc
VNP,5N Plus Inc
VRIF,Vanguard Retirement Income ETF
VSC,Vanguard CDN Short Term Corp Bd ETF
VUN,Vanguard US Total Market ETF
VVL,Vanguard Glob Val Factor ETF
VXC,Vanguard FTSE Global All Cap Ex Can ETF
VXM.B,CI First Asset Morningstar Intl Value
VAB,Vanguard CDN Aggregate Bond Index ETF
VB.PR.A,Versabank Pref Ser 1
VBAL,Vanguard Balanced ETF Portfolio
VBU,Vanguard US Agg Bond Index ETF CAD
VCE,Vanguard FTSE Canada Index ETF
VCM,Vecima Networks Inc
VCNS,Vanguard Conservative ETF Portfolio
VDY,Vanguard FTSE CDN High Div Yld Index ETF
VEE,Vanguard FTSE Emerging Mkts All Cap ETF
VEQT,Vanguard All Equity ETF Portfolio
VFF,Village Farms International Inc
VGAB,Vanguard Global Aggregate Bond Index ETF
VGG,Vanguard US Div Appr ETF
VGRO,Vanguard Growth ETF Portfolio
VGZ,Vista Gold Corp
VIDY,Vanguard FTSE Dev Ex Na High Div Yld ETF
VIU,Vanguard FTSE Dev All Cap Na ETF
VLB,Vanguard CDN Long Term Bond Index ETF
VLN,Velan Inc Sv
VLNS.WT,Valens Groworks Corp Wts
VMO,Vanguard Glob Momentum Factor ETF
VRE,Vanguard FTSE CDN Capped REIT Index ETF
VSB,Vanguard CDN Short-Term Bond Index ETF
VSP,Vanguard S&P 500 Index ETF CAD Hdg
VUS,Vanguard US Total Mkt ETF CAD Hdg
VVO,Vanguard Global Min Vol ETF
VXM,CI First Asset Morningstar Intl Value
W.PR.K,Westcoast Energy Inc Pref Ser 10
WBR,Waterloo Brewing Ltd.
WCM.B,Wilmington Capital Management Cl B
WCP,Whitecap Resources Inc
WEED,Canopy Growth Corp
WELL,Well Health Technologies Corp
WFS,World Financial Split Corp
WFT,West Fraser Timber CO Ltd
WILD.DB,Wildbrain Ltd 5.875 Pct Debs
WIR.UN,Wpt Industrial REIT Units
WJX.DB,Wajax Corporation 6.00 Pct Debs
WM,Wallbridge Mining Company Ltd
WN.PR.A,George Weston Pref Ser 1
WN.PR.D,George Weston 5.2% Pref Ser IV
WOMN,BMO Women IN Leadership Fund
WPM,Wheaton Precious Metals Corp
WRG,Western Energy Services Corp
WRX,Western Resources Corp
WSRD,Wealthsimple Dev Mkt Ex Na Soc Resp ETF
WTE,Westshore Terminals Investment Corp
W.PR.M,Westcoast Energy Inc Pref Ser 12
WCM.A,Wilmington Capital Mgmt Inc Cl A NV
WCN,Waste Connections Inc
WDO,Wesdome Gold Mines Ltd
WEF,Western Forest Products Inc
WFC,Wall Financial
WFS.PR.A,World Financial Split Corp
WILD,Wildbrain Ltd.
WIR.U,Wpt Industrial REIT USD
WJX,Wajax Corp
WLLW,Willow Biosciencesinc
WN,Weston George
WN.PR.C,George Weston 5.20% Pref Ser III
WN.PR.E,George Weston 4.75% Pref Ser V
WPK,Winpak Ltd
WPRT,Westport Fuel Systems Inc
WRN,Western Copper and Gold Corp
WSP,WSP Global Inc
WSRI,Wealthsimple Na Socially Resp Index ETF
WXM,CI First Asset Morningstar Cda Momentum
PAAS,Pan American Silver Corp
PAT.WT.A,Patriot One Technologies Inc WT A
PAT.WT.C,Patriot One Technologies Inc WT C
PAYF,Purpose Enhanced Premium Yield Fund ETF
PBH,Premium Brands Holdings Corp
PBH.DB.F,Premium Brands Hld Corp 4.60 Pct Debs
PBH.DB.H,Premium Brands Holdings 4.20 Pct Debs
PBI.B,Purpose Best Ideas Fund Non Hdg
PBY.UN,Canso Credit Income Fund Units
PD,Precision Drilling Corp
PDF,Purpose Core Dividend Fund ETF
PDV,Prime Dividend Corp Cl A
PEA,Pieridae Energy Ltd
PFAE,Picton Mahoney Fort Act Ext Alt Fund ETF
PFH.F,Invesco HY Corp Bond Index ETF
PFL,Powershares 1 To 3 Yr Lad Float Rate ETF
PFMN,Picton Mahoney Fort Mkt Neutral Fund ETF
PG,Premier Gold Mines Ltd
PHE,Purpose Tactical Hedged Equity Fund ETF
PHO,Photon Control Inc
PHW,Purpose Intl Tactical Hedged Equity ETF
PHYS,Sprott Physical Gold Trust CAD
PIC.A,Premium Income A
PID,Purpose Intl Dividend Fund ETF
PIF.DB,Polaris Infrastructure 7.0 Pct Debs
PINC,Purpose Multi Asset Income Fund
PKI,Parkland Fuel Corp
PLC,Park Lawn Corp
PLDI,Pimco Low Duration Monthly Inc ETF
PLZ.DB.E,Plaza Retail REIT 5.10 Pct Debs
PMB.UN,Picton Mahoney Tactical Income Fund
PMIF,Pimco Monthly Income Fund
PMM,Purpose Multi Strategy Mkt Neutral Fund
PMNT,Pimco Global Short Maturity Fund ETF
PMTS,CPI Card Group Inc
PNC.B,Postmedia Network Canada Corp Cl B
PNP,Pinetree Capital Ltd
PONY,Painted Pony Energy Ltd
POW,Power Corporation of Canada Sv
POW.PR.B,Power Corp Pref Shares Series B
POW.PR.D,Power Corp Non-Cum 1st Pfd Shs Ser D
POW.PR.F,Power Corp 1st Pr
PPL,Pembina Pipeline Corp
PPL.PF.C,Pembina Pipeline Corp Pref Series 23
PPL.PR.A,Pembina Pipeline Corp Pref Class A
PPL.PR.E,Pembina Pipeline Corp Pref Ser 5
PPL.PR.I,Pembina Pipeline Corp Pref Ser 9
PPL.PR.M,Pembina Pipeline Corp Pref Ser 13
PPL.PR.Q,Pembina Pipeline Corp Pref Series 17
PPR,Prairie Provident Resources Inc
PR,Lysander Slater Pref Share Activ ETF
PREF,Evolve Dvdnd Stblt Prf Sh Indx E
PRM.PR.A,Big Pharma Split Corp Pref Shares
PRN,Profound Medical Corp
PRQ,Petrus Resources Ltd
PRV.UN,Pro Real Estate Investment Trust
PSB,Invesco 1 To 5 Yrladder Inv Grd Bd ETF
PSI,Pason Systems Inc
PSLV,Sprott Physical Silver Trust CAD
PSU.U,Purpose US Cash ETF
PTB,Invesco Tactical Bond ETF
PTM,Platinum Group Metals Ltd
PUD,Purpose US Dividend Fund ETF
PVG,Pretium Resources Inc
PVS.PR.E,Partners Value Split Corp Pref Ser 7
PVS.PR.G,Partners Value Split Corp
PWF.PR.A,Power Fin Ser A Pr
PWF.PR.F,Power Financial Corp Pref Ser E
PWF.PR.H,Power Financial Corp 5.75% Pr Series H
PWF.PR.K,Power Fin Corp 4.95% Ser K
PWF.PR.O,Power Financial Corp 5.80 Pref Ser O
PWF.PR.Q,Power Fin Corp 4.40 Pct Pref Ser Q
PWF.PR.S,Power Financial Corp Pref Ser S
PWF.PR.Z,Power Financial Corp 5.15 Pct Pref Ser V
PXG,Invesco FTSE RAFI Global Plus ETF
PXS.U,Pwrshr FTSE RAFI US Fdamntl ETF USD II
PXU.F,Invesco FTSE RAFI US Idx ETF
PYF.B,Purpose Premium Yield Fund Non Hdg ETF
PZA,Pizza Pizza Royalty Corp
PZW,Pwrshr FTSE RAFI Glb Sml Mid Fdamntl ETF
PAT,Patriot One Technologies Inc
PAT.WT.B,Patriot One Technologies Inc WT B
PATH,Counterpath Corp
PBD,Purpose Total Return Bond Fund ETF
PBH.DB.E,Premium Brands Hld Corp 4.65 Pct Debs
PBH.DB.G,Premium Brands Holdings 4.65 Pct Debs
PBI,Purpose Best Ideas Fund ETF
PBL,Pollard Banknote Limited
PCOR,Pimco Managed Core Bond Pool ETF
PDC,Invesco CDN Div Idx ETF
PDIV,Purpose Enhanced Dividend Fund ETF
PDV.PR.A,Prime Dividend Corp Pref
PEY,Peyto Exploration and Dvlpmnt Corp
PFB,Pfb Corp
PFIA,Picton Mahoney Fort Income Alt Fund ETF
PFLS,Picton Mahoney Frt Lng Shrt Alt Fund ETF
PFMS,Picton Mahoney Multi Strat Alt Fund ETF
PGI.UN,Pimco Global Inc Opportunities Fund
PHE.B,Purpose Tactical Hedged Equity Fund ETF
PHR,Purpose Duration Hedged Real Estate ETF
PHX,Phx Energy Services Corp
PHYS.U,Sprott Physical Gold Trust USD
PIC.PR.A,Premium Income Pr
PIF,Polaris Infrastructure Inc
PIN,Purpose Monthly Income Fund ETF
PINV,Purpose Global Innovators Fund
PL,Pinnacle Renewable Holdings Inc
PLC.DB,Park Lawn Corporation 5.75 Pct Debs
PLV,Invesco Low Vol Portfolio ETF
PLZ.UN,Plaza Retail REIT
PME,Sentry Select Primary Metals Corp
PMIF.U,Pimco Monthly Income Fund
PMN,Promis Neurosciences Inc
PMT,Perpetual Energy Inc
PNC.A,Postmedia Network Canada Corp Cl A
PNE,Pine Cliff Energy Ltd
POM,Polymet Mining Corp
POU,Paramount Resources Ltd
POW.PR.A,Power Corp A Pr
POW.PR.C,Power Corp of Canada 5.80%
POW.PR.E,Power Corp Part Pr
POW.PR.G,Power Corp of Canada 5.60 Pct Pref Ser G
PPL.PF.A,Pembina Pipeline Corp Pref Ser 21
PPL.PF.E,Pembina Pipeline Corp Pref Series 25
PPL.PR.C,Pembina Pipeline Corp Pref Ser 3
PPL.PR.G,Pembina Pipeline Corp Pref Ser 7
PPL.PR.K,Pembina Pipeline Corp Pref Ser 11
PPL.PR.O,Pembina Pipeline Corp Pref Series 15
PPL.PR.S,Pembina Pipeline Corp Pref Series 19
PPS,Invesco CDN Pref Share Idx ETF
PRA,Purpose Diversified Real Asset Fund ETF
PRM,Big Pharma Split Corp
PRMW,Primo Water Corporation
PRP,Purpose Conservative Income Fund ETF
PRU,Perseus Mining Limited
PSA,Purpose High Interest Savings ETF
PSD,Pulse Seismic Inc
PSK,Prairiesky Royalty Ltd
PSLV.U,Sprott Physical Silver Trust USD
PSY,Pwrshr Glb Sharehldr Yield ETF
PTG,Pivot Technology Solutions Inc
PTS,Points International Ltd
PUD.B,Purpose US Dividend Fund ETF NC Hedged
PVS.PR.D,Partners Value Split Corp Pref Ser 6
PVS.PR.F,Partners Value Split Corp Pref Ser 8
PVS.PR.H,Partners Value Split Corp Pref Ser 10
PWF.PR.E,Power Fin Ser D Pr
PWF.PR.G,Power Financial Corp 5.90% Pr Series F
PWF.PR.I,Power Financial Corp 6% Series I
PWF.PR.L,Power Financial Corp Series L Pfd
PWF.PR.P,Pwr Fnl Corp 4.40 Non Cumul Pref Ser P
PWF.PR.R,Power Financial Corp 5.5 Pct Pref Ser R
PWF.PR.T,Power Financial Corp 4.20 Pct Pref Ser T
PXC,Invesco FTSE RAFI CAD Idx ETF
PXS,Pwrshr FTSE RAFI US Fdamntl ETF II
PXT,Parex Resources Inc
PYF,Purpose Premium Yield Fund ETF
PYF.U,Purpose Premium Yield Fund NH USD ETF
PZC,Pwrshr FTSE RAFI CDN Sml Mid Fdamntl ETF
PZW.U,Invesco FTSE RAFI Glb Small Mid USD
T,Telus Corp
TA.PR.D,Transalta Corp Prfd Series A
TA.PR.F,Transalta Corp Pref Ser C
TA.PR.J,Transalta Corp Pref Ser G
TBP,Tetra Bio Pharma Inc
TBP.WT.A,Tetra Bio Pharma Inc WT A
TC,Tucows Inc
TCL.B,Transcontinental Inc Cl B Mv
TCLV,TD Q Canadian Low Volatility ETF
TCN.DB.U,Tricon Capital Group 5.75 Pct Debs USD
TCSB,TD Select Short Term Corporate Bond Ladd
TCW,Trican Well
TD.PF.A,TD Bank Pref Ser 1
TD.PF.C,TD Bank Pref Ser 5
TD.PF.E,TD Bank Pref Ser 9
TD.PF.G,TD Bank Pref Ser 12
TD.PF.I,TD Bank Pref Ser 16
TD.PF.K,TD Bank Pref Series 20
TD.PF.M,TD Bank Pref Series 24
TEC,TD Global Technology Leaders Index ETF
TECK.B,Teck Resources Limited Cl B
TEV,Tervita Corporation
TF.DB.A,Timbercreek Financial Corp 5.40 Pct Debs
TF.DB.C,Timbercreek Financial Corp 5.30 Pct Debs
TGED,TD Active Global Enhanced Dividend ETF
TGGR,TD Active Global Equity Growth ETF
TGO,Terago Inc
TGOD.WR,Green Organic Dutchman Holdings Ltd WT
TGOD.WT,The Green Organic Dutchman Holdings WT
TGZ,Teranga Gold Corp
TH.DB.U,Theratechnologies 5.75 Pct Debs
THU,TD S&P 500 CAD Hedge Index ETF
TIH,Toromont Ind
TINF,TD Active Global Infrastructure Eqty ETF
TLF,Brompton Tech Leaders Income ETF
TLG,Troilus Gold Corp
TLV,Invesco SP TSX Low Vol Idx ETF
TMD.WT.G,Titan Medical Inc WT Cl G
TML,Treasury Metals Inc
TMR,Tmac Resources Inc
TNT.UN,True North Commercial REIT
TOCA,TD One Click Aggressive Portfolio ETF
TOCM,TD One Click Moderate ETF Portfolio
TOT,Total Energy Services Inc
TOY,Spin Master Corp
TPE,TD International Equity Index ETF
TPU,TD S&P 500 Index ETF
TPX.B,Molson Coors Canada Inc Cl.B NV
TQGD,TD Q Global Dividend ETF
TQSM,TD Q US Small Mid Cap Eqty ETF
TRI.PR.B,Thomson Reuters Corporation Prf Srs 2
TRL,Trilogy International Partners Inc
TRP.PR.A,Transcanada Corp Pref Ser 1
TRP.PR.C,Transcanada Corp Pref Ser 5
TRP.PR.E,Transcanada Corp Pref Ser 9
TRP.PR.G,Transcanada Corp Pref Ser 11
TRP.PR.I,Transcanada Corp Pref Ser 6
TRP.PR.K,Transcanada Corp Pref Ser 15
TRZ,Transat At Inc
TSU,Trisura Group Ltd
TUED,TD Active US Enhanced Dividend ETF
TULB,TD US Long Term Treasury Bond ETF
TUSB,TD Select U.S. Short Term Corporate Bond
TUT.UN,Top 20 US Dividend Trust Cls A Units
TVA.B,Tva Group Inc Cl.B NV
TVK,Terravest Capital Inc
TWM,Tidewater Midstream and Infras Ltd
TXF,CI First Asset Tech Giants Covered Call
TXG,Torex Gold Resources Inc
TXT.PR.A,Top 10 Split Trust Pref A
TZS,Trez Capital Senior Mortgage Inv Corp
TA,Transalta Corp
TA.PR.E,Transalta Corp Pref Ser B
TA.PR.H,Transalta Corp Pref Sh Series E
TBL,Taiga Building Products Ltd
TBP.WT,Tetra Bio Pharma Inc WT
TBP.WT.B,Tetra Bio Pharma Inc Wts B
TCL.A,Transcontinental Inc Cl A Sv
TCLB,TD Canadian Long Term Fed Bond ETF
TCN,Tricon Capital Group Inc
TCS,Tecsys Inc J
TCT.UN,Top 10 Canadian Financial Trust
TD,Toronto-Dominion Bank
TD.PF.B,TD Bank Pref Ser 3
TD.PF.D,TD Bank Pref Ser 7
TD.PF.F,TD Bank Pref Ser 11
TD.PF.H,TD Bank Pref Ser 14
TD.PF.J,TD Bank Pref Series 18
TD.PF.L,TD Bank Pref Series 22
TDB,TD CDN Aggregate Bond Index ETF
TECK.A,Teck Resources Limited Cl A
TEI,Toscana Energy Income Corp
TF,Timbercreek Financial Corp
TF.DB.B,Timbercreek Financial Corp 5.45 Pct Debs
TFII,Tfi International Inc
TGFI,TD Active Global Income ETF
TGL,Transglobe Energy Corp
TGOD,The Green Organic Dutchman Holdings Ltd
TGOD.WS,The Green Organic Dutchman Hlds Ltd Ws
TGRE,TD Active Global Real Estate Equity ETF
TH,Theratechnologies
The,TD Intl Equity CAD Hedge Index ETF
TI,Titan Mining Corporation
TILV,TD Systematic Intl Equity Low Vol ETF
TKO,Taseko Mines Ltd
TLF.U,Brompton Tech Leaders Income ETF USD
TLO,Talon Metals Corp
TMD,Titan Medical Inc
TMD.WT.I,Titan Medical Inc WT Cl I
TMQ,Trilogy Metals Inc
TNP,Transatlantic Petroleum Ltd
TNX,Tanzanian Royalty Exploration Corp
TOCC,TD One Click Conservative ETF Portfolio
TOG,Torc Oil and Gas Ltd
TOU,Tourmaline Oil Corp
TPAY,TD Income Builder ETF
TPRF,TD Active Preferred Share ETF
TPX.A,Molson Coors Canada Inc Cl.A Lv
TQCD,TD Q Canadian Dividend ETF
TQGM,TD Q Global Multifactor ETF
TRI,Thomson Reuters Corp
TRIL,Trillium Therapeutics Inc
TRP,Tc Energy Corp
TRP.PR.B,Transcanada Corp Pref Ser 3
TRP.PR.D,Transcanada Corp Pref Ser 7
TRP.PR.F,Transcanada Corp Pref Ser 2
TRP.PR.H,Transcanada Corp Pref Ser 4
TRP.PR.J,Transcanada Corp Pref Ser 13
TRQ,Turquoise Hill Resources Ltd
TSL,Tree Island Steel Ltd
TTP,TD S&P TSX Capped Comp Index ETF
TUHY,TD Active US High Yield Bond ETF
TULV,TD Q US Low Volatility ETF
TUSB.U,TD Select US Short Term Corp Bnd ETF USD
TV,Trevali Mining Corp
TVE,Tamarack Valley Energy Ltd
TWC,Twc Enterprises Limited
TWM.DB,Tidewater Midstream Infras 5.5 Pct Debs
TXF.B,CI First Asset Tech Giants Cov Call
TXP,Touchstone Exploration Inc
TXT.UN,Top 10 Split Trust
Y,Yellow Pages Limited
YCM,Commerce Split Corp Capital Shares
YCM.PR.B,Commerce Split Corp Class II Pref Shares
YPG.DB,Yp Digital and Media Sol 8 Pct Debs
YRI,Yamana Gold Inc
YXM.B,CI First Asset Morningstar US Momentum
Y.WT,Yellow Pages Limited WT
YCM.PR.A,Commerce Split Corp Class I Pref Shares
YGR,Yangarra Resources Ltd
YRB,Yorbeau Resources Inc
YXM,CI First Asset Morningstar US Momentum
X,Tmx Group Limited
XAU,Goldmoney Inc
XAW.U,Ishares Core MSCI All Ex Can ETF USD
XBB,Ishares Core CDN Universe Bond ETF
XCB,Ishares Canadian Corporate Bond ETF
XCG,Ishares Canadian Growth Index ETF
XCNS,Ishares Core Conservative Balanced ETF
XCSR,Ishares ESG Advanced MSCI Canada Idx ETF
XCV,Ishares Canadian Value Index ETF
XDG.U,Ishares Core MSCI Glo Qlty Div ETF USD
XDIV,Ishares Core MSCI CAD Qlty Div ETF
XDU,Ishares Core MSCI US Qlty Div ETF
XDUH,Ishares Core MSCI US Qlty Div ETF
XEB,Ishares JP Morgan USD Emerg Mkts Bd ETF
XEF,Ishares Core MSCI EAFE IMI Index ETF
XEG,Ishares S&P TSX Capped Energy Index ETF
XEI,Ishares S&P TSX Comp High Div Index ETF
XEN,Ishares Jantzi Social Index ETF
XESG,Ishares ESG MSCI Cda Index ETF
XFA,Ishares Edge MSCI Multifact USA Idx CAD
XFF,Ishares Edge MSCI Multifact EAFE Idx CAD
XFI,Ishares Edge MSCI Multifact EAFE ETF
XFR,Ishares Floating Rate Index ETF
XGB,Ishares Canadian Govt Bond Index ETF
XGI,Ishares S&P Global Industrials ETF
XHB,Ishares CDN Hybrid Corp Bond ETF
XHD,Ishares US High Div Equity Index ETF
XHY,Ishares US High Yield Bond Index ETF
XID,Ishares India Index ETF
XIN,Ishares MSCI EAFE Index ETF
XIT,Ishares S&P TSX Capped Info Tech ETF
XLB,Ishares Core CDN Long Term Bond ETF
XMC,Ishares S&P US Midcap Index ETF
XMF.A,M Split Corp Capital Shares 2014
XMH,Ishares S&P US Midcap Index ETF CAD Hgd
XML,Ishares Edge MSCI Mv EAFE ETF CAD Hgd
XMS,Ishares Edge MSCI Mv USA ETF CAD Hgd
XMU,Ishares Edge MSCI Min Vol USA ETF
XMV,Ishares Edge MSCI Min Vol Can ETF
XMY,Ishares Edge MSCI Mv Global ETF CAD Hgd
XQB,Ishares High Qlty Canadian Bond ETF
XQQ,Ishares Nasdaq 100 Index ETF
XRE,Ishares S&P TSX Capped REIT Index ETF
XSB,Ishares Core CDN Short Trm Bond ETF
XSE,Ishares Cons Strat Fix Inc ETF
XSEM,Ishares ESG MSCI Emerg Mkts Index ETF
XSI,Ishares Short Term Strategic FI ETF
XSMH,Ishares SP US Small Cap ETF CAD Hdg
XSQ,Ishares ST HI Qlty CDN Bond ETF
XSTB,Ishares ESG CDN ST Bond Index ETF
XSUS,Ishares ESG MSCI USA Index ETF
XTD,Tdb Split Corp Class A Shares
XTG,Xtra Gold Resources Corp
XUH,Ishares Core S&P US Total Mkt ETF CAD
XUS.U,Ishares Core SP 500 Index ETF
XUT,Ishares S&P TSX Capped Utilities ETF
XUU.U,Ishares Core SP US Total Market ETF USD
XWD,Ishares MSCI World Index ETF
XXM.B,CI First Asset Morningstr US Value Idx
XAM,Xanadu Mines Ltd
XAW,Ishares Core MSCI All Cntry Ex Can ETF
XBAL,Ishares Core Balanced ETF Portfolio
XBM,Ishares S&P TSX Global Base Mtls ETF
XCD,Ishares S&P Global Cons Disc ETF
XCH,Ishares China Index ETF
XCS,Ishares S&P TSX Smallcap Index ETF
XCT,Exactearth Ltd
XDG,Ishares Core MSCI Glo Qlty Div ETF
XDGH,Ishares Core MSCI Glo Qlty Div ETF
XDSR,Ishares ESG Advanced MSCI EAFE Index ETF
XDU.U,Ishares Core MSCI US Qlty Div ETF USD
XDV,Ishares Canadian Select Div Index ETF
XEC,Ishares Core MSCI Emerging Mkts IMI ETF
XEF.U,Ishares Core MSCI EAFE IMI Index ETF
XEH,Ishares MSCI Europe IMI Index ETF
XEM,Ishares MSCI Emerging Markets ETF
XEQT,Ishares Core Equity ETF
XEU,Ishares MSCI Europe IMI Index ETF
XFC,Ishares Edge MSCI Multifact Can ETF
XFH,Ishares Core MSCI EAFE IMI Index ETF
XFN,Ishares S&P TSX Capped Financials ETF
XFS,Ishares Edge MSCI Multifact USA ETF
XGD,Ishares S&P TSX Global Gold Index ETF
XGRO,Ishares Core Growth ETF Portfolio
XHC,Ishares Global Healthcare Index ETF
XHU,Ishares US High Div Equity Index ETF
XIC,Ishares Core S&P TSX Capped Comp ETF
XIG,Ishares US IG Corporate Bond Index ETF
XINC,Ishares Core Income Balanced ETF
XIU,Ishares S&P TSX 60 Index ETF
XMA,Ishares S&P TSX Capped Materials ETF
XMD,Ishares S&P TSX Completion Index ETF
XMF.PR.B,M Split Corp Class I Pref Shares
XMI,Ishares Edge MSCI Min Vol EAFE ETF
XMM,Ishares Edge MSCI Min Vol Emerg ETF
XMTM,Ishares Edge MSCI USA Momnt Fctr ETF
XMU.U,Ishares Edge MSCI Min Vol USA Index ETF
XMW,Ishares Edge MSCI Min Vol Gbl ETF
XPF,Ishares S&P TSX Na Pref Stock ETF
XQLT,Ishares Edge MSCI USA Qlty Fctr Indx ETF
XRB,Ishares CDN Real Return Bond Index ETF
XSAB,Ishares ESG CDN Agg Bond Index ETF
XSC,Ishares Cons ST Strat Fix Inc ETF
XSEA,Ishares ESG MSCI EAFE Index ETF
XSH,Ishares Core CDN ST Corp Maple Bnd ETF
XSMC,Ishares SP US Small Cap Index ETF
XSP,Ishares Core S&P 500 ETF CAD Hdg ETF
XST,Ishares S&P TSX Capped Cons Stpl ETF
XSU,Ishares US Small Cap Index ETF
XTC,Exco Tech
XTD.PR.A,Tdb Split Corp Priority Equity Shares
XTR,Ishares Diversified Monthly Income ETF
XUS,Ishares Core S&P 500 Index ETF
XUSR,Ishares ESG Advanced MSCI USA Index ETF
XUU,Ishares Core S&P US Total Market ETF
XVLU,Ishares Edge MSCI USA Value Fctr ETF
XXM,CI First Asset Morningstar US Value
ZAG,BMO Aggregate Bond Index ETF
ZBAL,BMO Balanced ETF
ZBK,BMO Equal Weight US Bank ETF
ZCH,BMO China Equity Index ETF
ZCN,BMO S&P TSX Capped Comp ETF
ZCPB,BMO Core Plus Bond Fund
ZCS.L,BMO Short Corporate Bond ETF
ZDH,BMO Intl Div CAD Hedge ETF
ZDJ,BMO DJIA Hedged To CAD Index ETF
ZDV,BMO Canadian Dividend ETF
ZDY.U,BMO US Dividend ETF USD
ZEB,BMO S&P TSX Equal Weight Banks Index ETF
ZEM,BMO MSCI Emerging Markets Index ETF
ZENA.WT,Zenabis Global Inc WT
ZEQ,BMO MSCI EU Hq Hcad ETF
ZFC,BMO Sia Focused Canadian Equity Fund
ZFL,BMO Long Fed Bond Index ETF
ZFN,BMO Sia Focused North American Equity Fu
ZFS.L,BMO Short Federal Bond Index ETF
ZGD,BMO S&P TSX Eql Weight Global Gold ETF
ZGQ,BMO MSCI All Cntry Wrld High Qlty ETF
ZGSB,BMO Global Strategic Bond Fund
ZHU,BMO Equal Weight US Health Care Idx ETF
ZIC,BMO Mid Term US IG Corp Bond ETF
ZID,BMO India Equity Index ETF
ZJG,BMO Junior Gold Index ETF
ZJN,BMO Junior Gas Index ETF
ZLB,BMO Low Volatility CAD Equity ETF
ZLD,BMO Low Vol Intl Eqty Hed To CAD ETF
ZLH,BMO Low Vol US Eqty Hed To CAD ETF
ZLU,BMO Low Volatility US Equity ETF CAD
ZMBS,BMO Canadian MBS Index ETF
ZMID,BMO SP US Mid Cap Index ETF
ZMP,BMO Mid Provincial Bond Index ETF
ZMT,BMO Sptsx Eql Wgt Glb Metal Hed CAD ETF
ZNQ,BMO Nasdaq 100 Equity Index ETF
ZPAY.F,BMO Premium Yield ETF Hedged
ZPH,BMO US Put Write Hedged To CAD ETF
ZPR,BMO Laddered Pref Share ETF
ZPS.L,BMO Short Provincial Bond Index ETF
ZPW.U,BMO US Put Write ETF USD
ZQQ,BMO Nasdaq 100 Hedged To CAD Index ETF
ZRR,BMO Real Return Bond Index ETF
ZSML,BMO SP US Small Cap Index ETF
ZSP,BMO S&P 500 Index ETF
ZST,BMO Ultra Short Term Bond ETF
ZSU,BMO ST US IG Corp Bond Hcad ETF
ZUD,BMO US Dividend Hedged To CAD ETF
ZUH,BMO Eql Wgt US Hcare Hdgd To CAD ETF
ZUP.U,BMO US Pref Share Index ETF
ZUQ.F,BMO MSCI USA High Quality Index ETF [Hed
ZUS.U,BMO Ultra Short Term US Bond ETF USD
ZUT,BMO Equal Weight Utilities Index ETF
ZVI,BMO MSCI EAFE Value Index ETF
ZWA,BMO Covered Call DJIA CAD ETF
ZWC,BMO CDN High Div Covered Call ETF
ZWG,BMO Gbl High Dividend Covered Call ETF
ZWH.U,BMO US High Dividend Cov Call ETF USD
ZWP,BMO Europe High Div Cov Call ETF
ZWU,BMO Covered Call Utilities ETF
ZXM.B,CI First Asset Morningstar Intl Momentum
ZZZ,Sleep Country Canada Holdings Inc
ZAR,Zargon Oil and Gas Ltd
ZBBB,BMO BBB Corporate Bond Index ETF
ZCB,BMO Corporate Bond Index ETF
ZCM,BMO Mid Corporate Bond ETF
ZCON,BMO Conservative ETF
ZCS,BMO Short Corp Bond ETF
ZDB,BMO Discount Bond ETF
ZDI,BMO International Dividend ETF
ZDM,BMO MSCI EAFE Hedged To CAD Index ETF
ZDY,BMO US Dividend ETF CAD
ZEA,BMO MSCI EAFE ETF
ZEF,BMO Emg Mkt Bond Hdgd To CAD ETF
ZENA,Zenabis Global Inc
ZEO,BMO S&P TSX Eql Weight Oil Gas Index ETF
ZESG,BMO Balanced ESG ETF
ZFH,BMO Floating Rate High Yield ETF
ZFM,BMO Mid Federal Bond Index ETF
ZFS,BMO Short Federal Bond Index ETF
ZGB,BMO Government Bond Index ETF
ZGI,BMO Global Infrastructure Index ETF
ZGRO,BMO Growth ETF
ZHP,BMO US Pref Share Hgd To CAD ETF
ZHY,BMO High Yld US Corp Bnd Hdg CAD ETF
ZIC.U,BMO Mid Term US IG Corp Bond ETF USD
ZIN,BMO S&P TSX Equal Weight Indstrl ETF
ZJK,BMO High Yield US Corp Bond ETF
ZJO,BMO Junior Oil Index ETF
ZLC,BMO Long Corporate Bond Index ETF
ZLE,BMO Low Vol Emerg Mkt Equity ETF
ZLI,BMO Low Vol Intl Equity ETF
ZLU.U,BMO Low Volatility US Equity ETF USD
ZMI,BMO Monthly Income ETF
ZMID.F,BMO SP US Mid Cap Index ETF Hedged
ZMSB,BMO Global Multi Sector Bond Fund
ZMU,BMO Mid Term US IG Corp Bd Hgd CAD Idx
ZPAY,BMO Premium Yield ETF
ZPAY.U,BMO Premium Yield ETF USD
ZPL,BMO Long Provincial Bond Index ETF
ZPS,BMO Short Provincial Bond Index ETF
ZPW,BMO US Put Write ETF
ZQB,BMO High Quality Corporate Bond Idx ETF
ZRE,BMO Equal Weight Reits Index ETF
ZSB,BMO Short Term Bond Idx ETF
ZSML.F,BMO SP US Small Cap Index ETF Hedged
ZSP.U,BMO S&P 500 Index ETF USD
ZST.L,BMO Ultra Short Term Bond ETF
ZUB,BMO Eql Wgt US Bank Hdgd To CAD ETF
ZUE,BMO S&P 500 Hedged CAD ETF
ZUP,BMO US Pref Share Index ETF
ZUQ,BMO MSCI USA High Quality Index ETF
ZUQ.U,BMO MSCI USA High Quality Index ETF USD
ZUS.V,BMO Ultra Short Term US Bond ETF USD Acc
ZVC,BMO MSCI Cda Value Index ETF
ZVU,BMO MSCI USA Value Index ETF
ZWB,BMO Covered Call Canadian Banks ETF
ZWE,BMO Europe High Div CC CAD Hedge ETF
ZWH,BMO US High Dividend Covered Call ETF
ZWK,BMO Covered Call US Banks ETF
ZWS,BMO US High Div Cov Call Hgd ETF
ZXM,CI First Asset Morningstar Intl Momentum
ZYZ.A,Test Symbol
ZZZD,BMO Tactical Dividend ETF Fund
